Alpha    ,IC_Mean_5D              ,IC_Std_5D            ,IC_IR_5D               ,IC_Winrate_5D       ,IC_Mean_10D             ,IC_Std_10D          ,IC_IR_10D              ,IC_Winrate_10D      ,IC_Mean_20D             ,IC_Std_20D          ,IC_IR_20D               ,IC_Winrate_20D      ,IC_Mean_60D             ,IC_Std_60D           ,IC_IR_60D               ,IC_Winrate_60D
alpha001 ,0.017509984162729017    ,0.09520890342053054  ,0.18391120508329709    ,0.5695086098278035  ,0.014536118748214642    ,0.09464110099808398 ,0.1535920292020792     ,0.5556488870222596  ,0.014285817079546318    ,0.09566934561054109 ,0.14932491686210791     ,0.5443091138177236  ,0.01924571362960737     ,0.09426369565593751  ,0.2041688849104137      ,0.5926081478370433
alpha002 ,0.009339610076861645    ,0.13174318950499225  ,0.07089254565609049    ,0.5377200335289187  ,0.00524201146316631     ,0.12232949968442378 ,0.04285157281513656    ,0.5209555741827326  ,0.004009110067400519    ,0.11915490108603027 ,0.033646203646343735    ,0.5180217937971501  ,0.0024498406141922166   ,0.1086315598198723   ,0.022551831330180898    ,0.5188600167644594
alpha003 ,-0.02499361701111719    ,0.15263188223163926  ,-0.1637509584870744    ,0.43912678421494544 ,-0.016471385964517943   ,0.15136961554468464 ,-0.10881566888604241   ,0.4706129303106633  ,-0.018716615203909933   ,0.14959473470932322 ,-0.1251154677353992     ,0.4651553316540722  ,-0.01603597719269414    ,0.1379803767446377   ,-0.11621925936883153    ,0.4638958858102435
alpha004 ,0.007019046288776038    ,0.08825194474799146  ,0.07953418260435316    ,0.5097128378378378  ,0.003542238706874339    ,0.08958933845153505 ,0.03953861885910204    ,0.5054898648648649  ,0.0019057042781484039   ,0.08741881079936023 ,0.02179970490015349     ,0.4987331081081081  ,0.0003382568269367724   ,0.08126894061362976  ,0.004162190676816117    ,0.4970439189189189
alpha005 ,0.02617752452277305     ,0.09206441017629527  ,0.28433924111005965    ,0.6154492023509656  ,0.025367925219389298    ,0.0954727807412518  ,0.26570845661383724    ,0.6078925272879933  ,0.029702346234641595    ,0.09678693288131943 ,0.30688384630457033     ,0.6280436607892528  ,0.033812959917645734    ,0.0915198807067801   ,0.36946027088888844     ,0.6578505457598657
alpha006 ,0.011748090239531288    ,0.128003396593706    ,0.09177951954525673    ,0.5295845572807386  ,0.003942634933277701    ,0.12799000117355291 ,0.03080424171519098    ,0.5077633235417541  ,0.003071103453818547    ,0.12531501152628927 ,0.02450706756049154     ,0.4960134284515317  ,0.008348545992467283    ,0.11451584800086367  ,0.07290297490007076     ,0.5279060008392782
alpha007 ,0.012028939531365593    ,0.08369223143035553  ,0.14372826875067218    ,0.5616610738255033  ,0.015972665254891345    ,0.08050944114291265 ,0.19839493391263513    ,0.5683724832214765  ,0.01870224197086473     ,0.08069400753822313 ,0.23176742042469328     ,0.5935402684563759  ,0.021944514827219194    ,0.07549017451754629  ,0.290693656061407       ,0.6073825503355704
alpha008 ,0.0217200327228456      ,0.1591876449118965   ,0.13644295532399328    ,0.5434326479227864  ,0.01258342418493353     ,0.1582738350700929  ,0.07950413395467959    ,0.527066722618548   ,0.011270332628662989    ,0.1560319102714692  ,0.07223094692011725     ,0.5086026017624843  ,0.009509060099425648    ,0.1444271132000266   ,0.06583985436485132     ,0.5165757448594209
alpha009 ,-0.01758045492195735    ,0.17081613591249228  ,-0.10292034079827021   ,0.46269907795473597 ,-0.00902383841124612    ,0.16896118295431387 ,-0.05340776060786763   ,0.48742665549036046 ,-0.005844523164971333   ,0.1671123388344667  ,-0.034973618379912884   ,0.501257334450964   ,-0.003661082224040634   ,0.16351613985216185  ,-0.022389730012894692   ,0.5033528918692373
alpha010 ,-0.016061941517932117   ,0.19850509013716175  ,-0.08091450706293597   ,0.4888795635753252  ,-0.01930241410105678    ,0.20499480134134462 ,-0.09416050541162553   ,0.4943348720100713  ,-0.026154712528637002   ,0.2083947614176493  ,-0.12550561420409062    ,0.4590851867394041  ,-0.039771652733269054   ,0.2053170103904306   ,-0.19370851279024237    ,0.44020142677297525
alpha011 ,-0.0053028652658216125  ,0.13038061462307982  ,-0.040672191039686244  ,0.4932829554995802  ,0.0008617288174123302   ,0.12705269313524423 ,0.006782452194815286   ,0.5117548278757347  ,-0.0023722801374378402  ,0.1266579954686552  ,-0.018729809584148382   ,0.5109151973131822  ,-0.009270869372088684   ,0.11790392723836945  ,-0.07863070882571642    ,0.4882451721242653
alpha012 ,0.0190703297726522      ,0.1581788492057414   ,0.12056181890568468    ,0.5437342304457528  ,0.01124079905337462     ,0.15570056826028952 ,0.07219497769965119    ,0.5185029436501262  ,0.010409377267588622    ,0.15142034676675364 ,0.06874490443231596     ,0.5168208578637511  ,0.006033488771048961    ,0.14027674314211283  ,0.043011326296166566    ,0.5021026072329688
alpha013 ,0.016824722954088236    ,0.10376978114381381  ,0.1621350914364074     ,0.5710096355257646  ,0.014967225814845801    ,0.09931350768706504 ,0.1507068490824757     ,0.5722664432341852  ,0.015667402919842564    ,0.09814545191772141 ,0.15963452828132135     ,0.5634687892752409  ,0.01097940817991872     ,0.091368449075055    ,0.1201662969117451      ,0.5588604943443654
alpha014 ,-0.024209015655653726   ,0.1605647810089431   ,-0.1507741330541555    ,0.44878253568429893 ,-0.015364726845388697   ,0.15881728317285781 ,-0.0967446775214359    ,0.47774979009235935 ,-0.013997445301727156   ,0.15688055081877916 ,-0.08922358589814189    ,0.4802686817800168  ,-0.011566514473967627   ,0.14418824469253017  ,-0.08021815161584281    ,0.4802686817800168
alpha015 ,0.014346788280117435    ,0.10808191472434392  ,0.13273995299498542    ,0.5733445096395641  ,0.015320689281193536    ,0.10361578298064762 ,0.14786057529531954    ,0.5825649622799665  ,0.01756820716259308     ,0.10324981488298776 ,0.17015243254918178     ,0.5892707460184409  ,0.01992870020653114     ,0.09178753073091675  ,0.21711772882259883     ,0.5955574182732607
alpha016 ,0.03007440325556882     ,0.09559115184986111  ,0.314614926942242      ,0.6139320184641208  ,0.03138520005491387     ,0.100353952611672   ,0.31274503134282633    ,0.6248426353336131  ,0.03587305510897308     ,0.10156982311133811 ,0.3531861532302759      ,0.6554762903902643  ,0.037539465467566466    ,0.0943541860650484   ,0.3978569158732026      ,0.6659672681493916
alpha017 ,0.023218536770057672    ,0.17961521759264878  ,0.1292682050065225     ,0.5640916808149405  ,0.009913803026831942    ,0.17218799127814075 ,0.057575461292291054   ,0.5263157894736842  ,0.011083404002492444    ,0.16052090633050417 ,0.06904648282805165     ,0.530560271646859   ,0.006377261442701164    ,0.15908233861335647  ,0.04008780294713201     ,0.530560271646859
alpha018 ,-0.02307695513298808    ,0.16277226645938064  ,-0.14177449042737797   ,0.46011754827875734 ,-0.013205139154453635   ,0.16067260323751195 ,-0.08218662602318909   ,0.4790092359361881  ,-0.013260056995599725   ,0.1610154231561724  ,-0.08235271339652044    ,0.48446683459277917 ,-0.014161250307809571   ,0.14443037070654918  ,-0.09804897846992393    ,0.47103274559193953
alpha019 ,-0.023076806539928222   ,0.16277240375134425  ,-0.1417734579577814    ,0.46011754827875734 ,-0.013205065480698143   ,0.16067256386185483 ,-0.08218618763096211   ,0.4790092359361881  ,-0.013260036247874238   ,0.16101539316582825 ,-0.08235259987980062    ,0.48446683459277917 ,-0.014161158192812929   ,0.14443035938466706  ,-0.09804834837457518    ,0.47103274559193953
alpha020 ,-0.02206411307896318    ,0.16503676183031493  ,-0.1336921109834228    ,0.4556908861822764  ,-0.012433197973567746   ,0.16287999839006842 ,-0.07633348536627846   ,0.48425031499370014 ,-0.0137369723233522     ,0.1630730255326057  ,-0.08423816433457633    ,0.4863502729945401  ,-0.014683334659040101   ,0.14678363978998843  ,-0.1000338639922567     ,0.47039059218815626
alpha021 ,-0.018651410158706493   ,0.1649418017738989   ,-0.11307873418451994   ,0.4590508189836203  ,-0.012043587232475419   ,0.16329005931371104 ,-0.07375578944054037   ,0.48215035699286013 ,-0.01608863348085325    ,0.1611754531118541  ,-0.09982061889838711    ,0.4758504829903402  ,-0.012456783131103774   ,0.1489307380476873   ,-0.08364145168685821    ,0.4741705165896682
alpha022 ,-0.014091124165168464   ,0.15255362026237504  ,-0.09236833672602013   ,0.4640605296343001  ,-0.004314599203938624   ,0.1493646190160745  ,-0.02888635362484532   ,0.4901218999579655  ,-0.0013655924990987039  ,0.15490973137803943 ,-0.008815408089283506   ,0.503572929802438   ,-0.00621789085678189    ,0.13767315369138983  ,-0.045164149219099066   ,0.4707860445565364
alpha024 ,-0.021562140036078817   ,0.1703097149211777   ,-0.12660546138579443   ,0.45675902602854745 ,-0.016883705711201978   ,0.16735121490908925 ,-0.10088785862937277   ,0.45843828715365237 ,-0.021456285114150004   ,0.16481271461973948 ,-0.13018586074293204    ,0.47774979009235935 ,-0.01621853931982224    ,0.15194853874941855  ,-0.10673705356632988    ,0.47858942065491183
alpha025 ,0.008461835005967358    ,0.125075137296099    ,0.06765401333068355    ,0.5077211043518952  ,0.004241717034806224    ,0.12371799311008322 ,0.03428536891179588    ,0.5021057557323351  ,0.002813552296394995    ,0.1226850837511885  ,0.022933124470950517    ,0.5124005615348619  ,0.0097129665458891      ,0.11632005156136367  ,0.08350208253445542     ,0.5339260645765092
alpha026 ,0.02175282256413779     ,0.15693624232772424  ,0.1386092991745792     ,0.5440222428174235  ,0.016559749443946052    ,0.15388047789596745 ,0.10761436194096985    ,0.5319740500463392  ,0.016414566232538133    ,0.15278823351345086 ,0.10743344467748599     ,0.5278035217794254  ,0.02061218012960985     ,0.14195771934690812  ,0.14519943138307956     ,0.5500463392029658
alpha027 ,-0.020907175807354662   ,0.17394795744647337  ,-0.12019213168276575   ,0.4633838383838384  ,-0.01793850203505051    ,0.17267850344296845 ,-0.10388381690472065   ,0.46254208754208753 ,-0.0263655042483945     ,0.17143273647426074 ,-0.15379503816269696    ,0.44991582491582494 ,-0.022541677360568894   ,0.158742695169309    ,-0.1420013521663267     ,0.476010101010101
alpha028 ,-0.002945264877328476   ,0.15829107260677047  ,-0.01860663920475892   ,0.49558638083228246 ,0.008690260247151776    ,0.15834604887839243 ,0.05488144673458683    ,0.5372005044136192  ,0.007496817185394873    ,0.1559510355741975  ,0.04807160887256872     ,0.5313156788566624  ,-6.029888278053011e-05  ,0.14371885136991636  ,-0.00041956140204131944 ,0.4976881042454813
alpha029 ,-0.017150026354450277   ,0.14600394322266455  ,-0.11746276145634973   ,0.46871062578748424 ,-0.0081583916980308     ,0.14484419885273228 ,-0.05632529133131316   ,0.499790004199916   ,-0.010588750094636784   ,0.1447967844319028  ,-0.07312835113142047    ,0.49685006299874    ,-0.013889128674784777   ,0.13230321900006403  ,-0.10497952188735525    ,0.46745065098698024
alpha031 ,-0.022464652337089816   ,0.1689755115714834   ,-0.1329462010688239    ,0.45664983164983164 ,-0.013185058174008654   ,0.1663264153229658  ,-0.07927218384648313   ,0.48484848484848486 ,-0.016654382246434195   ,0.1655330991263751  ,-0.10061058685139171    ,0.4734848484848485  ,-0.016333837329459533   ,0.15108297260959117  ,-0.10811170211528269    ,0.4696969696969697
alpha032 ,0.0038817150322055503   ,0.06381410462858074  ,0.060828480706552564   ,0.5199328577423415  ,0.004273259471280412    ,0.06477250908885067 ,0.06597335090753757    ,0.5287452790600083  ,0.0033205126173757715   ,0.06657021826003588 ,0.04987985174399189     ,0.526647083508183   ,0.0034523222921956876   ,0.060896729313427135 ,0.05669142384358702     ,0.5190935795216114
alpha033 ,0.014212992289566575    ,0.1137655972693049   ,0.12493225219854212    ,0.527713088029809   ,0.00924978024819114     ,0.11281061256945346 ,0.08199388370926877    ,0.51932929669306    ,0.008432547850468979    ,0.10928664254878478 ,0.07715991317699003     ,0.528178854215184   ,0.010417041007922954    ,0.10572555705043377  ,0.09852907185869697     ,0.5216581276199348
alpha034 ,0.022464639282751164    ,0.16897559449827768  ,0.13294605856812144    ,0.5433501683501684  ,0.013185034870827117    ,0.16632652623594202 ,0.07927199087969602    ,0.5151515151515151  ,0.016654300735550284    ,0.1655331204489493  ,0.10061008147723827     ,0.5265151515151515  ,0.016333817432713442    ,0.1510829562026227   ,0.10811158216157475     ,0.5303030303030303
alpha035 ,0.005060889169840663    ,0.1044019068209249   ,0.04847506452656406    ,0.5202702702702703  ,0.002461820388463555    ,0.10245627954117152 ,0.024028008819842864   ,0.5109797297297297  ,0.00414054094510892     ,0.10151027240992712 ,0.04078937871812862     ,0.5168918918918919  ,0.009540001855411349    ,0.09719819552080654  ,0.09814998935210878     ,0.5396959459459459
alpha036 ,-0.006390578211419595   ,0.06880831655678003  ,-0.09287508445503306   ,0.46302521008403363 ,-0.003942452429105089   ,0.06777367321223757 ,-0.05817085369947485   ,0.4777310924369748  ,-0.0036069060746705003  ,0.06881372951577924 ,-0.0524155005120515     ,0.4789915966386555  ,-0.0042015987333192525  ,0.06376940685727155  ,-0.06588737359159158    ,0.4756302521008403
alpha037 ,0.007180320240518039    ,0.13412115162790017  ,0.053536076549944966   ,0.5135135135135135  ,0.0010673558341330468   ,0.13302373949529522 ,0.008023799647962813   ,0.49915540540540543 ,-0.004554400593617612   ,0.13181998889268123 ,-0.034550151550426025   ,0.4814189189189189  ,0.004003596524067906    ,0.12102017374097629  ,0.03308205896842409     ,0.5202702702702703
alpha038 ,0.015283948134207609    ,0.1094344058729728   ,0.13966309783733483    ,0.5646114864864865  ,0.010017980471466442    ,0.10814735308697349 ,0.09263269220662158    ,0.5308277027027027  ,0.007619459513552891    ,0.10553732131847386 ,0.07219682495598016     ,0.5190033783783784  ,0.00794032654141558     ,0.09794923047290989  ,0.08106573684222726     ,0.5295608108108109
alpha039 ,-0.0010737982283079255  ,0.10480514381783552  ,-0.010245663420626772  ,0.4927470534904805  ,-0.0066113289259206     ,0.1019474645757352  ,-0.06485035163389616   ,0.4646418857660925  ,-0.006954712658739696   ,0.10257054839685863 ,-0.06780418714181988    ,0.4610154125113327  ,-0.00042927385330794257 ,0.09765050776700589  ,-0.00439602274605873    ,0.5018132366273799
alpha040 ,-0.024632485480715987   ,0.13974526440008395  ,-0.17626704980996258   ,0.441151566469094   ,-0.025823847895050142   ,0.13483419878783923 ,-0.19152298250152253   ,0.42887383573243015 ,-0.032860676389376654   ,0.13456072980249112 ,-0.24420703155823925    ,0.4225232853513971  ,-0.026678076132261638   ,0.13799269901716657  ,-0.19332962049639185    ,0.45512277730736667
alpha041 ,0.0022588279262721256   ,0.1219333084495179   ,0.018525109791532574   ,0.5063344594594594  ,-0.0008267473788738999  ,0.11944493695419978 ,-0.006921577422665556  ,0.49113175675675674 ,0.0004491876118664204   ,0.1207478533359261  ,0.003720046356573808    ,0.48521959459459457 ,0.009516925114484492    ,0.11535808962969119  ,0.08249898333991654     ,0.5236486486486487
alpha042 ,0.023701833907663814    ,0.10884066393734423  ,0.21776634807472445    ,0.582347972972973   ,0.024371798000973315    ,0.1130408061000026  ,0.21560177109328624    ,0.5802364864864865  ,0.03085758263476595     ,0.11010370055579266 ,0.2802592690254724      ,0.6110641891891891  ,0.030527808995344085    ,0.1007854796700376   ,0.30289888082379846     ,0.625
alpha043 ,-0.014982639171500403   ,0.12581244965772506  ,-0.11908709521403431   ,0.46137699412258604 ,-0.00964217055515732    ,0.12579336297211824 ,-0.07665086875286481   ,0.4882451721242653  ,-0.014010861733236511   ,0.12502796881008926 ,-0.11206181997980191    ,0.45927791771620485 ,-0.019861328354042886   ,0.11824708224254564  ,-0.16796463792065325    ,0.4387069689336692
alpha044 ,-0.005318745879631392   ,0.10606255624140354  ,-0.050147253357967984  ,0.48419721871049304 ,-0.0021000569822166326  ,0.10405482033366535 ,-0.02018221717631654   ,0.4943109987357775  ,-0.0006058669152381056  ,0.10264667254937797 ,-0.005902450612285114   ,0.5073746312684366  ,-0.006945180775399089   ,0.09831274049255248  ,-0.07064375116188741    ,0.4466919511167299
alpha045 ,-0.011744633087891374   ,0.09934192791966417  ,-0.11822433220129393   ,0.45214669051878353 ,-0.010940398833185982   ,0.09467119870377426 ,-0.1155620609327916    ,0.45796064400715564 ,-0.008994276700522571   ,0.09427322691726231 ,-0.09540647959803353    ,0.45706618962432916 ,-0.008288709013331667   ,0.09038421355681346  ,-0.0917052733785372     ,0.4619856887298748
alpha046 ,0.02544603385079893     ,0.17182315114326951  ,0.14809432652984889    ,0.549492385786802   ,0.017115751536935536    ,0.16835164699952213 ,0.10166667117301276    ,0.5177664974619289  ,0.020750551726554448    ,0.1666526322558158  ,0.12451379522587948     ,0.5296108291032149  ,0.017160953369943607    ,0.15259956182475987  ,0.11245742231980102     ,0.5156514382402707
alpha047 ,-0.0016732031876087164  ,0.17401792845024033  ,-0.00961511955986283   ,0.48656591099916036 ,-0.008588067952008768   ,0.17313819928658156 ,-0.04960238692210053   ,0.464735516372796   ,-0.0005419252939821054  ,0.1691698590980966  ,-0.003203438821024607   ,0.46809403862300586 ,0.0003419613564744743   ,0.1615992113822985   ,0.0021161078296693505   ,0.48530646515533166
alpha048 ,0.011398131270894509    ,0.11835417629099906  ,0.09630527310561281    ,0.5337837837837838  ,0.0030744967657538942   ,0.11557750742783222 ,0.026601168637190427   ,0.5033783783783784  ,0.0011150002901104575   ,0.11588059363860563 ,0.009621975993562697    ,0.5059121621621622  ,0.006087474336740434    ,0.10525837949004796  ,0.05783363154774767     ,0.5257601351351351
alpha049 ,0.010384969945652425    ,0.15518818663732423  ,0.06691855978652657    ,0.5176767676767676  ,0.00500347717731176     ,0.15462353278989416 ,0.03235909235181293    ,0.507996632996633   ,0.012861942879583527    ,0.1544290797560929  ,0.08328705254151504     ,0.5197811447811448  ,0.012096394349747342    ,0.14850950257948317  ,0.08145198886026353     ,0.515993265993266
alpha050 ,-0.010385031972946948   ,0.15518823244586755  ,-0.06691893972417938   ,0.4823232323232323  ,-0.0050035825219829355  ,0.15462352377664076 ,-0.032359775535906105  ,0.492003367003367   ,-0.012861947930703879   ,0.15442914477438396 ,-0.08328705018404896    ,0.4802188552188552  ,-0.012096401030157465   ,0.14850956995392278  ,-0.08145199689091111    ,0.484006734006734
alpha051 ,-0.010385001924601957   ,0.15518815155753782  ,-0.0669187809789177    ,0.4823232323232323  ,-0.005003557083090158   ,0.15462344729132244 ,-0.03235962702126976   ,0.492003367003367   ,-0.012861874603364925   ,0.1544290505146623  ,-0.08328662619177181    ,0.4802188552188552  ,-0.012096223730490316   ,0.14850968340666648  ,-0.08145074080702892    ,0.484006734006734
alpha052 ,-0.02327339187621373    ,0.17291869638739307  ,-0.13459152979082092   ,0.46104995766299744 ,-0.023097899559386317   ,0.16704857374067636 ,-0.13827055833019647   ,0.4712108382726503  ,-0.0267133951088499     ,0.16173998296178166 ,-0.1651625938105987     ,0.4724809483488569  ,-0.014403628442008964   ,0.1600631666204681   ,-0.08998715161097592    ,0.5122777307366638
alpha053 ,-0.009926825182557223   ,0.12269632407581016  ,-0.08090564454419802   ,0.4696969696969697  ,-0.004598919085907766   ,0.11732386358149409 ,-0.03919849675520889   ,0.4978956228956229  ,-0.010445752988150559   ,0.11642150108071998 ,-0.08972357246028011    ,0.47053872053872053 ,-0.011377120081314003   ,0.11893552332770327  ,-0.09565788053050057    ,0.47474747474747475
alpha054 ,0.008676451143479156    ,0.12070341500582986  ,0.07188239987294553    ,0.5232263513513513  ,0.0006704219927389924   ,0.11484526037886451 ,0.005837611326121153   ,0.4987331081081081  ,-0.0005072351050341873  ,0.1143840527576423  ,-0.004434491459302639   ,0.5                 ,0.0007422243261977008   ,0.10360766864791088  ,0.0071637971965182986   ,0.5016891891891891
alpha055 ,-0.024323040105535217   ,0.17844514530718267  ,-0.13630541791240414   ,0.45819256756756754 ,-0.024700557484171534   ,0.1744167873473881  ,-0.14161800512341235   ,0.4387668918918919  ,-0.029655918756417408   ,0.17227625413080036 ,-0.1721416506647586     ,0.4548141891891892  ,-0.02272672487841216    ,0.15235371630480662  ,-0.14917079431750724    ,0.4700168918918919
alpha056 ,0.0008248219774246564   ,0.08412044768352905  ,0.009805249498049904   ,0.4976545842217484  ,-0.0023828560792920816  ,0.08305137519538947 ,-0.028691350067185453  ,0.48443496801705754 ,-0.004225193918656455   ,0.08255319702511127 ,-0.051181469293929624   ,0.4886993603411514  ,0.006844388949206093    ,0.07716913350623661  ,0.08869334976597797     ,0.529637526652452
alpha057 ,-0.001223391211750857   ,0.1671993874956008   ,-0.007316959888881446  ,0.5006305170239597  ,0.009073720621232849    ,0.16762763227596605 ,0.05413022004805714    ,0.5296343001261034  ,0.003230025469321503    ,0.16430091312345954 ,0.01965920583103751     ,0.5140815468684321  ,-0.000280148659863357   ,0.15518740271244372  ,-0.001805228098201126   ,0.5006305170239597
alpha058 ,-0.01257323479742189    ,0.12930017658410684  ,-0.09724066222943853   ,0.4809966216216216  ,-0.010602081339024353   ,0.12314804390835965 ,-0.08609216194220566   ,0.5                 ,-0.017497964912306256   ,0.12158005702008436 ,-0.14392134155205807    ,0.46326013513513514 ,-0.013973671930462145   ,0.12647942364840795  ,-0.11048178057251953    ,0.46790540540540543
alpha059 ,-0.012415447252689648   ,0.21024176930866875  ,-0.05905319049356826   ,0.48859797297297297 ,-0.01589334425727742    ,0.2160074375724596  ,-0.07357776396910408   ,0.5016891891891891  ,-0.021689893073770047   ,0.21680843073674955 ,-0.10004174191964925    ,0.4670608108108108  ,-0.03367086427754225    ,0.2152454492233438   ,-0.15643008667098257    ,0.46621621621621623
alpha060 ,-0.007661902662094817   ,0.13458103143452582  ,-0.0569315198466313    ,0.4864864864864865  ,-0.00838321558983406    ,0.13242018803446165 ,-0.06330768528777782   ,0.48944256756756754 ,-0.01847922385114159    ,0.13287518072363036 ,-0.13907205055530183    ,0.45396959459459457 ,-0.018528958957525595   ,0.12487047290171413  ,-0.14838543113478705    ,0.4670608108108108
alpha061 ,-0.000496792084174695   ,0.10628872243452403  ,-0.0046739867861402586 ,0.5023861171366595  ,-0.005125585219293534   ,0.10345147105867149 ,-0.04954579347051149   ,0.4963123644251627  ,-0.004046224364250398   ,0.10527186990826935 ,-0.03843595034244336    ,0.4997830802603037  ,-0.0011059986096025249  ,0.0994277062640963   ,-0.011123646025432901   ,0.5067245119305857
alpha062 ,0.022241940687030486    ,0.091155603110691    ,0.2439997095957109     ,0.6163920574566962  ,0.02576556911435305     ,0.0932647184884899  ,0.27626276615559464    ,0.6210392902408112  ,0.028708838483368568    ,0.0956210665805398  ,0.3002354973648789      ,0.6337135614702155  ,0.030727605898595613    ,0.09086567309518238  ,0.33816517120176115     ,0.6518800168990283
alpha063 ,-0.014190538323255336   ,0.16089355707815303  ,-0.08819830067130886   ,0.4727577535624476  ,-0.00601953153187262    ,0.15864289922579997 ,-0.03794390774026946   ,0.509639564124057   ,-0.00947878370159223    ,0.1574338095069786  ,-0.060208056524047086   ,0.48700754400670576 ,-0.008610827606408375   ,0.14740117678971723  ,-0.058417631351021      ,0.48700754400670576
alpha064 ,0.010160515901873385    ,0.07732120793479523  ,0.1314065852468539     ,0.5595698924731183  ,0.006321649385197765    ,0.07720904084279265 ,0.08187706149684518    ,0.5479569892473118  ,0.006187888171977524    ,0.077273196766238   ,0.0800780662756419      ,0.5376344086021505  ,0.006297543055324749    ,0.07350364217102448  ,0.08567661233265082     ,0.5440860215053763
alpha065 ,0.022547646742742695    ,0.16100449173773854  ,0.14004358822156796    ,0.5432409739714525  ,0.011445281318390586    ,0.15718024229411756 ,0.07281628499448448    ,0.5155331654072208  ,0.010067838805719667    ,0.15774644496489704 ,0.06382292043386487     ,0.5134340890008396  ,0.011085740107514133    ,0.14166988844889794  ,0.0782505035395217      ,0.5298068849706129
alpha066 ,-0.022547728587398553   ,0.16100433926540042  ,-0.14004422918211387   ,0.45675902602854745 ,-0.011445403278659365   ,0.1571800265263316  ,-0.07281716087980156   ,0.48446683459277917 ,-0.010067883484078395   ,0.1577463013455877  ,-0.06382326177031473    ,0.48656591099916036 ,-0.011085647775205213   ,0.14166973612539957  ,-0.07824993593121897    ,0.47019311502938704
alpha067 ,-0.022046506561582947   ,0.1779802905741002   ,-0.12387049425792526   ,0.4597652975691534  ,-0.02031966163329389    ,0.17236623643012508 ,-0.11788655396865501   ,0.47485331098072087 ,-0.025267418911613472   ,0.16712110733152075 ,-0.15119226598642682    ,0.480720871751886   ,-0.015342318058622833   ,0.15803170200280328  ,-0.09708379941608603    ,0.4932942162615256
alpha068 ,-0.014776379668487521   ,0.17924343745471522  ,-0.08243749326789543   ,0.4660519698239732  ,-0.007726771049372608   ,0.1761858388697207  ,-0.04385580077798484   ,0.4958088851634535  ,-0.0075147359568397305  ,0.17426485911682923 ,-0.04312249753004857    ,0.49874266554903607 ,-0.005202639208706455   ,0.1692809079064576   ,-0.030733762436939226   ,0.5041911148365466
alpha069 ,-0.021997126996174173   ,0.15132179307550103  ,-0.1453665499800075    ,0.4560810810810811  ,-0.02356805786679682    ,0.1494414889476317  ,-0.15770759534559844   ,0.4510135135135135  ,-0.028040892021499276   ,0.1473090502738384  ,-0.19035417015704734    ,0.4387668918918919  ,-0.023147406775998657   ,0.1450349340040529   ,-0.1595988368936812     ,0.46790540540540543
alpha070 ,-0.04342221798436337    ,0.14049916490853395  ,-0.3090567692173229    ,0.40134340890008396 ,-0.051400389262948765   ,0.1399775876469524  ,-0.3672044227007927    ,0.3723761544920235  ,-0.06471440077032936    ,0.1450029598408012  ,-0.4462971020824632     ,0.35642317380352645 ,-0.08724213860372598    ,0.1414525275897421   ,-0.6167591353104434     ,0.2716204869857263
alpha071 ,-0.026268761519076728   ,0.17900499001287645  ,-0.1467487667086103    ,0.4517766497461929  ,-0.022352666610124274   ,0.17630716248656686 ,-0.12678252145216937   ,0.46150592216582065 ,-0.029206527576230067   ,0.1736240277138512  ,-0.16821708355000947    ,0.45219966159052455 ,-0.022764461735159558   ,0.16036204645696614  ,-0.14195666766617687    ,0.4856175972927242
alpha072 ,-6.056194695137992e-05  ,0.18036060224083664  ,-0.0003357825722410883 ,0.4882451721242653  ,-0.0044452641238254854  ,0.17722519468820552 ,-0.025082574357704012  ,0.4638958858102435  ,0.003531264318353678    ,0.1737102921259301  ,0.0203284691720725      ,0.46977329974811083 ,4.36894615543246e-05    ,0.16467049998746888  ,0.00026531444039854917  ,0.48446683459277917
alpha073 ,0.004744411271598212    ,0.07724991045059146  ,0.06141639833527972    ,0.5271646859083192  ,0.004863571171568858    ,0.07965864449366218 ,0.061055158576741965   ,0.5114601018675722  ,0.008795463477187189    ,0.07583755388111774 ,0.11597767896067532     ,0.5398981324278438  ,0.005593966110878477    ,0.07415735253498396  ,0.07543373542413757     ,0.5258913412563667
alpha074 ,-0.007121202893575813   ,0.08115093926418741  ,-0.08775256279403854   ,0.4774083546462063  ,-0.004964183087161377   ,0.08029340089995168 ,-0.06182554271610587   ,0.4846547314578005  ,-0.007097319278830735   ,0.08156486462160838 ,-0.08701441866858067    ,0.473998294970162   ,-0.006968921464081082   ,0.07863772324901071  ,-0.08862059042596651    ,0.4616368286445013
alpha075 ,0.01618742009967754     ,0.14618165786602327  ,0.11073496043199516    ,0.5491873396065012  ,0.019982082856698977    ,0.14093120904458908 ,0.14178607415747682    ,0.567579127459367   ,0.02591606462222756     ,0.1330742376054416  ,0.19474892427388826     ,0.5782720273738238  ,0.02520938703759123     ,0.11714140687529113  ,0.2152047487736695      ,0.6099230111206159
alpha076 ,0.002783693472227539    ,0.07651021869061359  ,0.03638328996920052    ,0.5105574324324325  ,0.0025614077314047873   ,0.07721474155762145 ,0.033172522237782      ,0.5016891891891891  ,0.000544005105600883    ,0.07407686533090248 ,0.007343792197075349    ,0.49282094594594594 ,0.0027542873518992435   ,0.06770458500344825  ,0.04068095760071442     ,0.49619932432432434
alpha077 ,0.005896305200480935    ,0.07469042424529045  ,0.0789432549093162     ,0.53154305200341    ,0.007406192425813699    ,0.07489729374216003 ,0.09888464663770247    ,0.5443307757885762  ,0.00771826296069394     ,0.07579985745626236 ,0.10182424109633045     ,0.5277067348678602  ,0.006371575230489303    ,0.07230785422611577  ,0.088117332462454       ,0.5421994884910486
alpha078 ,-0.010134562003615706   ,0.15468294282981143  ,-0.06551829062863235   ,0.47474747474747475 ,-0.005948304165981771   ,0.15301734470155656 ,-0.0388733981600797    ,0.49452861952861954 ,-0.011264863406916712   ,0.15208984459929284 ,-0.07406716363341652    ,0.4810606060606061  ,-0.012639326311774866   ,0.1396665854114051   ,-0.09049642242304541    ,0.46254208754208753
alpha079 ,-0.01893227713252149    ,0.17041672826093557  ,-0.11109400659032201   ,0.4685666387259011  ,-0.014156987338465024   ,0.1670320273940817  ,-0.08475612467460618   ,0.4920368818105616  ,-0.01885532200966703    ,0.16384046240848885 ,-0.11508342769844443    ,0.48826487845766975 ,-0.013411154402387042   ,0.1549609170548448   ,-0.08654539904174985    ,0.49245599329421624
alpha080 ,-0.008488512153061617   ,0.10384582748360349  ,-0.08174148503368507   ,0.45759865659109994 ,-0.002162660347157209   ,0.10315611977400191 ,-0.020964925318005777  ,0.49496221662468515 ,-0.0010754211698694482  ,0.10039097923807602 ,-0.010712328717494623   ,0.49748110831234255 ,-0.0037168067697750874  ,0.09417842474496882  ,-0.03946558651665753    ,0.4622166246851385
alpha081 ,-0.02543033222627835    ,0.16212419679640708  ,-0.15685710540921505   ,0.4243820695433599  ,-0.032676923529040586   ,0.16390807148540654 ,-0.19936128363239242   ,0.41642228739002934 ,-0.0409160899226758     ,0.16235984421260394 ,-0.25200867936962146    ,0.39338081273565145 ,-0.055221594140074916   ,0.1550236785500219   ,-0.35621393232683757    ,0.3586091328026812
alpha082 ,0.0006224827859887448   ,0.18363732506698144  ,0.003389739998454536   ,0.4878253568429891  ,-0.0026041530312027146  ,0.17953684031215764 ,-0.014504839378229661  ,0.46851385390428213 ,0.004940901880242378    ,0.1762623697248855  ,0.0280315185138737      ,0.4748110831234257  ,-0.0014172884008963132  ,0.16564025182135336  ,-0.00855642505557701    ,0.48572628043660787
alpha083 ,0.0032522942042682926   ,0.0814016684163743   ,0.03995365534318802    ,0.5205073995771671  ,0.002365788013248026    ,0.08047967024574335 ,0.029396094765598957   ,0.53276955602537    ,0.0032451423376601493   ,0.07964400888665146 ,0.04074559258159145     ,0.5255813953488372  ,0.003430875715258365    ,0.07506836241907487  ,0.0457033509816724      ,0.5285412262156448
alpha084 ,0.021167121527200322    ,0.13532608772779992  ,0.15641567625731323    ,0.5557432432432432  ,0.023475196194743957    ,0.13335710439626533 ,0.1760325878476511     ,0.558277027027027   ,0.03369574835044004     ,0.1318941070935419  ,0.25547576834909197     ,0.5886824324324325  ,0.032626386423415865    ,0.1314633751160934   ,0.2481785242057263      ,0.5696790540540541
alpha085 ,0.011219164845748614    ,0.10876427209920603  ,0.10315119688858299    ,0.5310519645120405  ,0.010876619393453859    ,0.1077022235843323  ,0.10098788150773245    ,0.5373891001267427  ,0.007354167829348599    ,0.1070794875717266  ,0.06867952019682996     ,0.5289395859738065  ,0.008798654767200594    ,0.09897759917751534  ,0.08889541512741984     ,0.5386565272496832
alpha086 ,0.009688973380725757    ,0.1282344038924297   ,0.07555673896104681    ,0.5382340515420363  ,0.004733115977226264    ,0.12545625715846564 ,0.037727221299514745   ,0.5133079847908745  ,0.009210287904830703    ,0.12218828483671063 ,0.07537783116555816     ,0.5289395859738065  ,0.01423449738059593     ,0.11795939945879283  ,0.12067285393029249     ,0.5597803126320237
alpha087 ,0.0038839132431285235   ,0.09836346550343542  ,0.03948532336930397    ,0.5118243243243243  ,0.0005699195914715326   ,0.0959260785046438  ,0.005941237256393658   ,0.5004222972972973  ,0.0004316531774110629   ,0.09674420655334086 ,0.004461798724588916    ,0.4970439189189189  ,0.005373354734950014    ,0.09425668259854529  ,0.05700767931581059     ,0.5228040540540541
alpha088 ,-0.0277391761503063     ,0.18080507906045185  ,-0.15342033694214838   ,0.4545838614279679  ,-0.027752334188879898   ,0.1769600845674321  ,-0.1568282149995506    ,0.45627376425855515 ,-0.034485394007211824   ,0.1717305485546475  ,-0.2008110630138586     ,0.4512040557667934  ,-0.025506707230843067   ,0.16198258430768794  ,-0.15746573830673524    ,0.4807773553020701
alpha089 ,-0.008966603213893545   ,0.1555444465479179   ,-0.057646566064518685  ,0.48113998323554064 ,-0.004064955902618374   ,0.15193030216582526 ,-0.0267553993158103    ,0.4865884325230511  ,-0.008422759140574993   ,0.15291497366817278 ,-0.055081323552083755   ,0.48030176026823135 ,-0.01113173602529655    ,0.14609876562033725  ,-0.0761932243440323     ,0.4639564124056999
alpha090 ,0.00778596655510307     ,0.07997527967625823  ,0.09735466492422211    ,0.540574809805579   ,0.005107597148480372    ,0.07915652231008814 ,0.06452528483340698    ,0.5283178360101437  ,0.005131374225815852    ,0.07948722749811829 ,0.06455595933242643     ,0.5312764158918005  ,0.006371331309656208    ,0.07478833009185716  ,0.08519151720369685     ,0.5295857988165681
alpha091 ,-0.0073260802843287415  ,0.1076900918889897   ,-0.0680292880786163    ,0.4859335038363171  ,-0.002792978547120966   ,0.10555299508996978 ,-0.02646043861417979   ,0.484228473998295   ,-5.260913285268324e-05  ,0.10856812317493544 ,-0.00048457255513125456 ,0.49872122762148335 ,-0.00520162415657648    ,0.09834501301239837  ,-0.05289159050617758    ,0.4629156010230179
alpha092 ,0.005163658348742145    ,0.09878843412808105  ,0.05226986736167278    ,0.514959202175884   ,0.0004553630098481585   ,0.09494407851471452 ,0.004796118062039919   ,0.5099728014505893  ,-0.0040034356611985495  ,0.09792601499926015 ,-0.040882248309898      ,0.4913871260199456  ,0.0025346669747252307   ,0.08987081155721023  ,0.02820345038401823     ,0.5213055303717135
alpha093 ,-0.01190153529687685    ,0.22529369360376802  ,-0.052826757404974244  ,0.48986486486486486 ,-0.016088304154328697   ,0.23162058275086186 ,-0.06945973437789751   ,0.49155405405405406 ,-0.021679445315655736   ,0.23463108756361617 ,-0.09239800889461303    ,0.4780405405405405  ,-0.03492675984202909    ,0.2238694377739535   ,-0.15601397041652243    ,0.4438344594594595
alpha094 ,0.02639854700560674     ,0.138770643537802    ,0.19023149516789267    ,0.5593723494486853  ,0.029998083658592568    ,0.13612265612076857 ,0.2203753916760054     ,0.5729431721798134  ,0.04059391517527321     ,0.13323647125719196 ,0.30467570022109836     ,0.5992366412213741  ,0.0357914865184881      ,0.1359485913483305   ,0.26327221314697075     ,0.5606446140797285
alpha095 ,-0.045292816851857286   ,0.14640778127485413  ,-0.3093607215235932    ,0.4016047297297297  ,-0.05598083486142837    ,0.14643271616520914 ,-0.3822973193932247    ,0.37753378378378377 ,-0.0700984472803351     ,0.15227683668929373 ,-0.46033558881554815    ,0.35177364864864863 ,-0.09573908702290501    ,0.14431694362795972  ,-0.6633946411012871     ,0.25
alpha096 ,0.001397339520225613    ,0.17025094174828745  ,0.008207528874005002   ,0.5077763766288357  ,0.008458027993219588    ,0.1689096765376156  ,0.05007426552815649    ,0.5275325767129045  ,-0.00035133109209295536 ,0.1662930550839387  ,-0.00211272257831583    ,0.5161832702816309  ,-0.000834482220164789   ,0.1587461619529222   ,-0.005256708004142256   ,0.510718789407314
alpha097 ,-0.029234084533249837   ,0.15666696747078263  ,-0.18660018129668465   ,0.40706476030277544 ,-0.035956417489427815   ,0.15959424218625154 ,-0.22529896440415148   ,0.40916736753574434 ,-0.04367900148380187    ,0.15679017749401153 ,-0.27858251187623123    ,0.38561816652649283 ,-0.05625746438507704    ,0.14872715658107616  ,-0.3782595302587474     ,0.3523969722455845
alpha098 ,0.026626870188436298    ,0.14406824588384773  ,0.18482122847461963    ,0.5612431444241316  ,0.026474901468511426    ,0.14047502279505464 ,0.18846696687949185    ,0.5763254113345521  ,0.03285906214842085     ,0.14154836392256653 ,0.23214017624672986     ,0.5813528336380256  ,0.042516645803836364    ,0.13461468439369642  ,0.3158395831430355      ,0.6243144424131627
alpha099 ,0.0011463594769851088   ,0.08404844365310715  ,0.013639270724827152   ,0.506553911205074   ,0.002086088898607912    ,0.08293752411270769 ,0.02515253404204625    ,0.5217758985200845  ,0.0029768467298352135   ,0.08143633720207344 ,0.036554280707008766    ,0.5141649048625793  ,0.003702453982250526    ,0.07610296559734894  ,0.04865058744017593     ,0.533615221987315
alpha100 ,-0.02938869000221522    ,0.15925426426898762  ,-0.18453942277223045   ,0.4125844594594595  ,-0.03648409177803482    ,0.16159276765710542 ,-0.2257779992694529    ,0.4079391891891892  ,-0.04436666792200747    ,0.15942171743243513 ,-0.27829751577485423    ,0.38260135135135137 ,-0.0573520218241681     ,0.15258221861508528  ,-0.3758761823279577     ,0.36528716216216217
alpha101 ,-0.0007471195362600566  ,0.07211279077875878  ,-0.010360430212057814  ,0.4989357173265219  ,-0.00015006802499790324 ,0.07092430341549551 ,-0.0021158900090813785 ,0.5104299702000852  ,0.0004236986571604669   ,0.07095938075144181 ,0.005971002743733187    ,0.5227756492124308  ,-0.00017427617540431093 ,0.06738719451260701  ,-0.002586191288490379   ,0.5023414218816518
alpha102 ,-0.009202208484560836   ,0.10695675661417034  ,-0.08603671966004311   ,0.4559932942162615  ,-0.0006404430288873031  ,0.10294863809226847 ,-0.00622099564166455   ,0.4974853310980721  ,0.0005194073257488015   ,0.10133341745773285 ,0.005125725933061039    ,0.512154233025985   ,-0.003131533020135208   ,0.09463068646460109  ,-0.0330921515750246     ,0.4878457669740151
alpha103 ,0.015785873383377218    ,0.13776855483426553  ,0.11458255769879779    ,0.5388513513513513  ,0.019228922763856543    ,0.13355124733603926 ,0.14398160367213247    ,0.5460304054054054  ,0.025844489803276614    ,0.13081862470767092 ,0.19755971186082305     ,0.5629222972972973  ,0.016490004639498745    ,0.12421488619775675  ,0.13275385216910132     ,0.5405405405405406
alpha104 ,0.0037023520204215025   ,0.07591604872134312  ,0.048769029510628614   ,0.5124630333755809  ,0.004096670311212786    ,0.07483733748849729 ,0.05474099491904633    ,0.5310519645120405  ,0.0032107613405712716   ,0.07590850697492736 ,0.042297780163582835    ,0.518800168990283   ,0.004200314594723547    ,0.07030982586159631  ,0.05974007961549775     ,0.5255597803126321
alpha105 ,0.016149749312803767    ,0.0969603531162109   ,0.16656033929092276    ,0.565694972539079   ,0.02036764537907351     ,0.10192806863469137 ,0.1998237154092543     ,0.5868187579214195  ,0.02863596172000787     ,0.10120235520579184 ,0.2829574634086088      ,0.6193493874102239  ,0.025909872289302555    ,0.0960832998812594   ,0.2696605166696211      ,0.6121673003802282
alpha106 ,-0.02527080916254046    ,0.17478140539698206  ,-0.14458522693042042   ,0.44824672581326575 ,-0.025032697970825826   ,0.17018458529955288 ,-0.14709145324039868   ,0.44909167722855936 ,-0.03179984649305242    ,0.16905417765737543 ,-0.18810447002085703    ,0.45585128855090834 ,-0.022929669334810904   ,0.15490720175476533  ,-0.1480219710579436     ,0.4790874524714829
alpha107 ,0.0027071327137206916   ,0.10340218955870017  ,0.026180613053497143   ,0.528293918918919   ,0.003640083544545236    ,0.09977495180128562 ,0.03648293964395914    ,0.5122466216216216  ,0.004561135200117774    ,0.09908644898279939 ,0.04603187667881357     ,0.5274493243243243  ,-2.5438198369440245e-05 ,0.08974120278712847  ,-0.00028346174978043456 ,0.49619932432432434
alpha108 ,0.0017607726373110094   ,0.09685767467842016  ,0.018178968710089307   ,0.5075022065313327  ,0.0015717714347000817   ,0.09198530513055406 ,0.017087201401020286   ,0.5035304501323918  ,0.0005595026889996666   ,0.09255021779396608 ,0.0060453957033923264   ,0.500882612533098   ,0.0008892968095158092   ,0.08812810467736928  ,0.010090955805431893    ,0.5039717563989409
alpha109 ,-0.008461409224938729   ,0.11938553450705683  ,-0.07087466048442057   ,0.47485331098072087 ,-0.0016852229853955452  ,0.1148465010823324  ,-0.014673698976579394  ,0.4991617770326907  ,-0.0032461789994166906  ,0.11218140720037416 ,-0.028936871808164157   ,0.4953897736797988  ,-0.005003659721295621   ,0.1071233063700174   ,-0.04670934730125254    ,0.49245599329421624
alpha110 ,-0.018494229631593504   ,0.15348697937938335  ,-0.12049380153530914   ,0.46114864864864863 ,-0.017545517908733366   ,0.15077428228965387 ,-0.11636943411228787   ,0.46452702702702703 ,-0.02011554379925767    ,0.14658656031665881 ,-0.137226385255263      ,0.46875             ,-0.009975421707224189   ,0.14892597855265396  ,-0.0669824150505568     ,0.5109797297297297
alpha111 ,0.01940496975264201     ,0.158103230235453    ,0.12273607391666465    ,0.5414920368818106  ,0.0062225670776606965   ,0.1517073131651197  ,0.04101692230807617    ,0.5159262363788768  ,0.0033405446025283688   ,0.14884413229976023 ,0.022443240125857147    ,0.5142497904442582  ,0.0022050049133542807   ,0.14218589573621354  ,0.015507901834687282    ,0.5117351215423303
alpha112 ,-0.01035927928210498    ,0.16074243347671335  ,-0.064446450498746     ,0.4823232323232323  ,-0.004274686501998873   ,0.1594712815188654  ,-0.02680536872398043   ,0.49326599326599324 ,-0.011934860725801721   ,0.15976222399544798 ,-0.07470389699971737    ,0.48695286195286197 ,-0.009310340457571384   ,0.15271025849358671  ,-0.060967354448963784   ,0.4882154882154882
alpha113 ,0.01299887990438975     ,0.07148844917839607  ,0.1818318910786784     ,0.5722738799661876  ,0.013055592510686742    ,0.07109466665886116 ,0.18363673569681907    ,0.5600169061707523  ,0.01354960280472844     ,0.07054905740430754 ,0.1920593031750575      ,0.5646661031276415  ,0.012416647199141954    ,0.06790685024744364  ,0.18284822744535084     ,0.5815722738799662
alpha114 ,0.013753251810185111    ,0.12660808831733886  ,0.10862854019020533    ,0.5433037600337981  ,0.006750910108511918    ,0.12000935259677467 ,0.05625319995846185    ,0.5116180819602872  ,0.003635936069747179    ,0.11779769879102295 ,0.030865934624049414    ,0.5090832277144064  ,-0.00031911237752155615 ,0.10712796185407991  ,-0.0029787963104928885  ,0.4803548795944233
alpha115 ,-0.000921898577709258   ,0.07732523646323608  ,-0.011922350578876927  ,0.5012733446519525  ,0.00017179332931287867  ,0.07689469439938088 ,0.0022341376170975703  ,0.5025466893039049  ,0.0035078123316698595   ,0.07314915896674205 ,0.04795424009269497     ,0.5250424448217318  ,0.0024692404101054146   ,0.07174716475464957  ,0.03441586045315325     ,0.5110356536502547
alpha116 ,-0.02304605508838307    ,0.17130768487114964  ,-0.1345301882149498    ,0.46072635135135137 ,-0.02354062026825901    ,0.1677501694086422  ,-0.14033142470881008   ,0.4484797297297297  ,-0.029959261321173995   ,0.16738920478661473 ,-0.1789796502072258     ,0.44594594594594594 ,-0.021078069528101834   ,0.15365668625974557  ,-0.1371763900496388     ,0.4839527027027027
alpha118 ,-0.021752529775207502   ,0.15312783435102692  ,-0.1420547078680841    ,0.45988175675675674 ,-0.022246344275586725   ,0.15119863425180224 ,-0.1471332355987968    ,0.46114864864864863 ,-0.027373237401088237   ,0.145686176470245   ,-0.18789179635501627    ,0.44130067567567566 ,-0.03194335947039928    ,0.1472884711646769   ,-0.21687616972196547    ,0.44932432432432434
alpha119 ,-0.007277525349387484   ,0.0785077375100384   ,-0.0926981923082033    ,0.46567796610169493 ,-0.007440352648022321   ,0.07759777027628623 ,-0.09588358816923484   ,0.4635593220338983  ,-0.0021244262435463476  ,0.07458088062348703 ,-0.02848486402662994    ,0.5059322033898305  ,-0.003056886484307294   ,0.07615820479773948  ,-0.04013863630879635    ,0.488135593220339
alpha120 ,0.017658436124081234    ,0.13863431828162417  ,0.1273742053407698     ,0.5472972972972973  ,0.01005591745395972     ,0.13234521429676993 ,0.07598247890860946    ,0.515625            ,0.010654825509027957    ,0.1317383070441582  ,0.08087871893978793     ,0.5244932432432432  ,0.010623834438722397    ,0.11836463652241223  ,0.08975513929543293     ,0.5240709459459459
alpha121 ,-0.0010429852623288472  ,0.0838837298059344   ,-0.01243370156217184   ,0.5002150537634409  ,-0.005616139067576634   ,0.07954976438224867 ,-0.07059906602099078   ,0.4735483870967742  ,-0.005371607949824078   ,0.07947428357057613 ,-0.06758925917279757    ,0.490752688172043   ,0.0027060814296467773   ,0.07790928953513185  ,0.03473374543386789     ,0.5182795698924731
alpha122 ,-0.023172225803408327   ,0.1782893798948399   ,-0.12996974815368117   ,0.46018440905280805 ,-0.0275132020868881     ,0.17314795314354914 ,-0.15889995571635865   ,0.46437552388935455 ,-0.03518285054634642    ,0.1692908545588643  ,-0.2078248741671568     ,0.45892707460184406 ,-0.02370437693382526    ,0.16321637616612744  ,-0.14523283441667703    ,0.49874266554903607
alpha123 ,-0.0015354481098688816  ,0.069637429029872    ,-0.02204917859920171   ,0.49054170249355117 ,-0.0019692571581719515  ,0.06740334168647107 ,-0.02921601672706404   ,0.4823731728288908  ,-0.002695689567979416   ,0.06824716333313702 ,-0.039498924736561754   ,0.4866723989681857  ,-0.004841252802196574   ,0.06496956178421735  ,-0.07451570657465369    ,0.47807394668959585
alpha124 ,-0.01149173004544308    ,0.14801713637476555  ,-0.07763783523244967   ,0.4722104369961816  ,-0.003995844008433689   ,0.14179176588220038 ,-0.028181072318073874  ,0.5040305473058974  ,-0.002096297060408595   ,0.1368213927893178  ,-0.015321412957961508   ,0.4963937208315656  ,0.0014598548880267426   ,0.12108466741548876  ,0.012056480140606165    ,0.5112431056427662
alpha125 ,-0.005867275532957885   ,0.09326323072900258  ,-0.06291091877362238   ,0.47181266261925414 ,-0.009694574629318324   ,0.08939808563037069 ,-0.1084427542375118    ,0.4549002601908066  ,-0.0060541821322405475  ,0.09312221877685432 ,-0.0650132934090411     ,0.4605377276669558  ,-0.002134229923395267   ,0.08646852306379732  ,-0.02468216002510661    ,0.49176062445793584
alpha126 ,-0.016071187527174843   ,0.2065142381577809   ,-0.07782120821565892   ,0.4868035190615836  ,-0.019397317443121165   ,0.213210202246694   ,-0.09097743559512025   ,0.4968579807289485  ,-0.026534985067718134   ,0.2155502304924608  ,-0.1231034873268031     ,0.4633431085043988  ,-0.040652955625864524   ,0.2133468107791975   ,-0.19054869148214337    ,0.44281524926686217
alpha127 ,-0.004774317305852106   ,0.19779775376555148  ,-0.02413736867563762   ,0.48358585858585856 ,-0.005915370588756575   ,0.19674730418845018 ,-0.030065827906290723  ,0.4654882154882155  ,-0.007303946213036808   ,0.19739595023319623 ,-0.03700149979980946    ,0.45454545454545453 ,-0.01936525472589772    ,0.17071291088480584  ,-0.1134375521190958     ,0.398989898989899
alpha128 ,-0.01179449099119121    ,0.14324474987487917  ,-0.08233803334149009   ,0.4764111204717776  ,-0.008940732586367817   ,0.14391422546137386 ,-0.062125426153702104  ,0.4928390901432182  ,-0.01636294828863435    ,0.14276011462146004 ,-0.11461848662717894    ,0.4658803706823926  ,-0.018335252144291856   ,0.14038590216943594  ,-0.13060607839498364    ,0.483150800336984
alpha129 ,-0.017795197199251385   ,0.22849908793334495  ,-0.0778786355788098    ,0.4751683501683502  ,-0.024412857433991294   ,0.23136978837560812 ,-0.10551445634016489   ,0.4713804713804714  ,-0.02945934941869049    ,0.23355482864205032 ,-0.1261346193952613     ,0.46675084175084175 ,-0.04289144046384323    ,0.22226528027585848  ,-0.19297409118783504    ,0.4385521885521885
alpha130 ,0.004816481022888547    ,0.07596953810924005  ,0.06340016199601885    ,0.5217391304347826  ,0.005625741322014962    ,0.07607378614957686 ,0.07395111518379782    ,0.5213128729752771  ,0.00447953892952863     ,0.07633787493525224 ,0.05868042479998371     ,0.5196078431372549  ,0.003453903983329609    ,0.07462340048624708  ,0.04628446252548027     ,0.5046888320545609
alpha131 ,-0.0038012591285890305  ,0.10240500149644889  ,-0.03711985814209326   ,0.4914383561643836  ,-0.0008150803390017543  ,0.09896693480972962 ,-0.008235885455771662  ,0.5029965753424658  ,0.0020757788421505562   ,0.10269335843679561 ,0.020213369917472607    ,0.5077054794520548  ,-0.00023587205458277654 ,0.09147127492954168  ,-0.002578646189904575   ,0.502568493150685
alpha132 ,-0.03702134654409078    ,0.15465485982143784  ,-0.23938042805014384   ,0.4282094594594595  ,-0.047272435668979935   ,0.15495179067096151 ,-0.30507834381444776   ,0.40076013513513514 ,-0.06157303011853463    ,0.16076524953973537 ,-0.38299962395365794    ,0.36697635135135137 ,-0.08986946713102292    ,0.15105999765554842  ,-0.5949256489196167     ,0.26942567567567566
alpha133 ,-0.017241719406918966   ,0.1509416998219262   ,-0.11422767483909299   ,0.46875             ,-0.016944750884856835   ,0.14943719590666024 ,-0.11339044996160576   ,0.46368243243243246 ,-0.024605133002303502   ,0.1442711604757276  ,-0.1705478275850086     ,0.4510135135135135  ,-0.01543255793182259    ,0.14156775691613316  ,-0.10901181362197515    ,0.4953547297297297
alpha134 ,-0.015500920549535986   ,0.15487731764519058  ,-0.10008515633675386   ,0.4711578947368421  ,-0.012736211897188753   ,0.15154035611233904 ,-0.0840450176040712    ,0.4770526315789474  ,-0.02218904972344168    ,0.15107673729441284 ,-0.1468727093318177     ,0.4488421052631579  ,-0.019530908150828568   ,0.14086812277277097  ,-0.13864675532258733    ,0.4770526315789474
alpha135 ,0.027800083113047984    ,0.19221640328813033  ,0.14462908803561347    ,0.5486052409129332  ,0.0348654957896195      ,0.18696929979092522 ,0.18647711591479008    ,0.5655114116652579  ,0.04009233981830203     ,0.18246243946867116 ,0.21972927652973692     ,0.5608622147083685  ,0.023947938596228083    ,0.1602607507228461   ,0.14943108957253978     ,0.514792899408284
alpha137 ,-0.01879918085201915    ,0.15497000922918747  ,-0.12130850959824593   ,0.45305951383067894 ,-0.011704630686401696   ,0.15042484113247112 ,-0.07781049059639061   ,0.48197820620285    ,-0.010312028193925977   ,0.14975837629442565 ,-0.06885777242704931    ,0.4832355406538139  ,-0.008057070531870944   ,0.13742377985571078  ,-0.05862937651933699    ,0.4865884325230511
alpha138 ,0.002282813893711618    ,0.0867383947954844   ,0.026318378373200668   ,0.5086058519793459  ,-0.0011038109162014675  ,0.08472122177380319 ,-0.013028741714189714  ,0.4836488812392427  ,0.00019226276854367004  ,0.08830764735005894 ,0.0021771927382633607   ,0.5090361445783133  ,0.006978388348988814    ,0.08372866433345807  ,0.08334527254843885     ,0.5271084337349398
alpha139 ,0.0239295420054866      ,0.10537302773528115  ,0.22709361702695458    ,0.5954583683767872  ,0.028172032975840186    ,0.10646185737688074 ,0.2646209043311133     ,0.6055508830950378  ,0.03365892819302849     ,0.10473965538091978 ,0.3213580192775779      ,0.624053826745164   ,0.030729446875965623    ,0.09771449394972809  ,0.31448197328612515     ,0.6257359125315392
alpha140 ,-0.00038322326178881233 ,0.06768828186176526  ,-0.005661589439830083  ,0.4946236559139785  ,-0.0012455687693593426  ,0.06592643132554177 ,-0.018893314021636933  ,0.4950537634408602  ,8.516398291719815e-05   ,0.06484190738904552 ,0.0013134095887436196   ,0.5075268817204301  ,0.0002876245296446362   ,0.06369449150249092  ,0.00451568923559721     ,0.4967741935483871
alpha141 ,-0.0026679624142918316  ,0.07514097734467157  ,-0.03550609146396767   ,0.47675401521555366 ,-0.0023008712682906947  ,0.07456794184589376 ,-0.03085603828312444   ,0.48393913778529163 ,0.0013012789969859954   ,0.07112069226041928 ,0.018296770681325254    ,0.5008453085376162  ,0.0007496873282514318   ,0.07292356835703254  ,0.010280453153101004    ,0.521978021978022
alpha142 ,0.007084206948418067    ,0.1276993398615011   ,0.05547567400192818    ,0.5164835164835165  ,0.0004103856399587634   ,0.12155770074319774 ,0.0033760562880811827  ,0.5016906170752324  ,-0.00140716666912351    ,0.11937468403226767 ,-0.011787814816273312   ,0.5012679628064244  ,0.0023485623728780637   ,0.10871270161868556  ,0.021603385233822506    ,0.5101437024513947
alpha144 ,0.024864210569291948    ,0.1423370619794031   ,0.1746854278395175     ,0.5678073510773131  ,0.034085698335906696    ,0.14290433729370164 ,0.2385210902721074     ,0.5910435149978877  ,0.04675232539710678     ,0.14447841610237044 ,0.32359383953918996     ,0.6506125897760878  ,0.07471809812150643     ,0.1326250189510562   ,0.5633786046739818      ,0.7152513730460498
alpha145 ,-0.008407270106948658   ,0.12177208744030625  ,-0.06904102806868591   ,0.47502116850127013 ,-0.00677888244794182    ,0.12265211885466182 ,-0.05526918337199329   ,0.47332768839966133 ,-0.009741262508575228   ,0.11610392443702539 ,-0.08390123379385746    ,0.4640135478408129  ,-0.01487462892230817    ,0.1102139124479433   ,-0.13496144535594648    ,0.45131244707874685
alpha146 ,-0.004026804561689077   ,0.10641711075245149  ,-0.03783982231068338   ,0.4860335195530726  ,-0.001176133793044379   ,0.1029676555374378  ,-0.011422361584378806  ,0.5032230339492909  ,-0.0005392788226316987  ,0.10302689562202812 ,-0.0052343499178130705  ,0.4954877524709927  ,-0.0008227607548207355  ,0.09404495663018443  ,-0.008748589869163322   ,0.4933390631714654
alpha147 ,-0.020332084296971722   ,0.16904256975190488  ,-0.1202778940642708    ,0.46150592216582065 ,-0.02366718468772766    ,0.16352689541382856 ,-0.1447296154423675    ,0.4488155668358714  ,-0.029607034064635915   ,0.16476369128881058 ,-0.1796939230545546     ,0.4500846023688663  ,-0.01814681587566554    ,0.15257399231528646  ,-0.1189378058494141     ,0.49957698815566837
alpha148 ,-0.004630205368659872   ,0.0886336406809383   ,-0.052239819250205426  ,0.4819432502149613  ,-0.0070970426098101985  ,0.08746097006948633 ,-0.08114525375343667   ,0.4621668099742046  ,-0.00526950723807152    ,0.08895383713734549 ,-0.059238672637981375   ,0.4836629406706793  ,3.713416363303786e-05   ,0.08444613033770265  ,0.0004397378954433697   ,0.4888220120378332
alpha149 ,-0.007282712279469272   ,0.19067176951562967  ,-0.03819502120303287   ,0.48642322097378277 ,-0.006560072840008864   ,0.18877473199466163 ,-0.03475079938237908   ,0.4901685393258427  ,-0.00761156197970293    ,0.18905309857642857 ,-0.040261503445423834   ,0.48220973782771537 ,-0.010043539044221925   ,0.18735231681457667  ,-0.05360776538547989    ,0.45271535580524347
alpha150 ,-0.04725722085349521    ,0.14457007711331338  ,-0.3268810655503435    ,0.3950565563468789  ,-0.05564388385959019    ,0.14235968627732934 ,-0.3908682669557936    ,0.37327188940092165 ,-0.07056407140223148    ,0.14615935708681294 ,-0.48278860011897273    ,0.3414327607875995  ,-0.09992484690377675    ,0.14084413373287874  ,-0.709471131352134      ,0.24298282362798493
alpha151 ,-0.022574102489275      ,0.1893761200234031   ,-0.11920247646052361   ,0.4503591043514998  ,-0.028199111326589348   ,0.18325848208698256 ,-0.1538761589938566    ,0.4427545416138572  ,-0.03204996174097819    ,0.17782510286765738 ,-0.18023305609911952    ,0.4469792986903253  ,-0.019405030413160166   ,0.1493379421942613   ,-0.1299403897498318     ,0.49767638360794253
alpha152 ,0.015909234120842667    ,0.15694269143812298  ,0.10136970364825891    ,0.5275190516511431  ,0.02014460542218226     ,0.1571429966161701  ,0.12819282981720467    ,0.5469940728196444  ,0.0214654604441526      ,0.158189154539246   ,0.13569489328566528     ,0.5613886536833192  ,0.013210418078633145    ,0.1531789600849008   ,0.08624172713609723     ,0.5088907705334462
alpha153 ,0.015109757016842995    ,0.2074618269798849   ,0.07283150465221733    ,0.5131133671742809  ,0.01897513056429968     ,0.21455510447361087 ,0.0884394273016866     ,0.5042301184433164  ,0.025252910026171117    ,0.21655561962543665 ,0.1166116587962463      ,0.5368020304568528  ,0.03944385571129272     ,0.21491510496729474  ,0.18353226366892728     ,0.5473773265651438
alpha154 ,0.008398020337904832    ,0.10470384657651241  ,0.0802073716725199     ,0.5351155414589941  ,0.008717345782817394    ,0.10719996058661238 ,0.08131855399120413    ,0.5274127775260534  ,0.014466429167920831    ,0.10659336557632829 ,0.13571603720085054     ,0.5351155414589941  ,0.016611058631915896    ,0.10161622088912142  ,0.16346857309367033     ,0.5663797009515179
alpha155 ,-0.0017630895617338962  ,0.11839853087173006  ,-0.01489114390822959   ,0.4878457669740151  ,0.004254212698458705    ,0.11831990373463253 ,0.03595517376349493    ,0.5176026823134954  ,0.0025300894651935787   ,0.11985208781492261 ,0.021110099217466954    ,0.4979044425817267  ,-0.0029149116961716508  ,0.11064032249267182  ,-0.026345835139487395   ,0.4773679798826488
alpha156 ,-0.0062537948324947286  ,0.10765982901243211  ,-0.05808847078674597   ,0.47888513513513514 ,-0.008484840351582108   ,0.10825993992917121 ,-0.07837470034745347   ,0.45692567567567566 ,-0.008149778059505886   ,0.10967162678134235 ,-0.07431072464854101    ,0.46875             ,-0.003319093496174523   ,0.09919049119091299  ,-0.033461811271669466   ,0.4873310810810811
alpha157 ,0.001598133495865192    ,0.11853943253882569  ,0.013481872332582231   ,0.5027484143763213  ,-0.00010137907341011964 ,0.11624609431061729 ,-0.0008721073513164925 ,0.5040169133192389  ,-0.0007981857370516657  ,0.11393340154166674 ,-0.007005721994175343   ,0.509090909090909   ,0.001330170974556607    ,0.1066707127634802   ,0.012469879877019108    ,0.5196617336152219
alpha158 ,0.031260278443690684    ,0.18356286720663678  ,0.17029739685042605    ,0.5739421868454126  ,0.029134889588140797    ,0.18030061856290805 ,0.16159062470423774    ,0.5571847507331378  ,0.03128074790609707     ,0.18190472427902746 ,0.17196226227810815     ,0.5555090071219103  ,0.03352210944899477     ,0.16824656901290888  ,0.1992439408759816      ,0.5839966485127775
alpha159 ,0.034008573501045906    ,0.22039912008008902  ,0.1543044885509879     ,0.5549915397631133  ,0.037297902574389946    ,0.21712820421814522 ,0.17177824828743732    ,0.55668358714044    ,0.04327325383193931     ,0.2254374157508175  ,0.19195240367628455     ,0.561336717428088   ,0.0492677570568048      ,0.20788315142675148  ,0.2369973550942848      ,0.6082910321489001
alpha160 ,-0.01870697520204299    ,0.22599323703338872  ,-0.08277670362002551   ,0.48184121621621623 ,-0.02138932268084722    ,0.23088915462546192 ,-0.0926389232770332    ,0.48521959459459457 ,-0.027318622988056568   ,0.23490047039712098 ,-0.11629871554480886    ,0.4670608108108108  ,-0.03855788897465529    ,0.22561793113515366  ,-0.17089904503892317    ,0.44425675675675674
alpha161 ,0.02276476285901734     ,0.22636274301999681  ,0.10056762237152388    ,0.523989898989899   ,0.026722170621501687    ,0.2307694941286871  ,0.11579594054403154    ,0.5214646464646465  ,0.03367298346591307     ,0.2352144023191357  ,0.14315868048005845     ,0.5391414141414141  ,0.0442264483263125      ,0.22936618720502638  ,0.19282026206756997     ,0.5580808080808081
alpha162 ,-0.0001200907670442339  ,0.13920989946951945  ,-0.0008626596779529192 ,0.5046296296296297  ,0.008645237202509606    ,0.13639629827913502 ,0.06338322455655745    ,0.5332491582491582  ,0.007394402817130988    ,0.1380608352429336  ,0.05355901841474233     ,0.5206228956228957  ,-0.001384212723391967   ,0.1295529350061846   ,-0.010684533880501338   ,0.4903198653198653
alpha163 ,0.010862455273391481    ,0.13271791388863782  ,0.08184618756519976    ,0.5264047317279257  ,0.0042363272455223835   ,0.12560349060580933 ,0.03372778276375742    ,0.5149978876214618  ,0.0004392969546542301   ,0.12221221582352838 ,0.003594542097891137    ,0.5116180819602872  ,0.003282552793250488    ,0.11144146215908962  ,0.029455399540293536    ,0.5116180819602872
alpha164 ,0.021853414294351062    ,0.21335137283321812  ,0.10242921807414102    ,0.5256734006734006  ,0.026976405197335414    ,0.21988617877991706 ,0.12268349628439339    ,0.5248316498316499  ,0.03440028955210687     ,0.22434313250781432 ,0.15333783195217102     ,0.5446127946127947  ,0.04823641164239224     ,0.21708419459223166  ,0.22220139855413673     ,0.571969696969697
alpha165 ,0.007599704473163979    ,0.09720642761700585  ,0.07818109007263264    ,0.5341880341880342  ,0.011025180208594085    ,0.09289076189083918 ,0.11868973818462544    ,0.5367521367521367  ,0.014405825405223116    ,0.08831519249294273 ,0.16311831519106168     ,0.5581196581196581  ,0.011345827382403684    ,0.08376549755120684  ,0.13544750182457696     ,0.5611111111111111
alpha166 ,-0.006501646494249549   ,0.13996165970583038  ,-0.046453053699953444  ,0.484375            ,-0.006393004105304948   ,0.13895540832540526 ,-0.046007594683424156  ,0.47719594594594594 ,-0.0035641525914210884  ,0.14385979927383144 ,-0.024775181179259573   ,0.49451013513513514 ,0.001315108990266286    ,0.13490632936486768  ,0.009748312006247253    ,0.5088682432432432
alpha167 ,-0.017795197199251385   ,0.22849908793334495  ,-0.0778786355788098    ,0.4751683501683502  ,-0.024412857433991294   ,0.23136978837560812 ,-0.10551445634016489   ,0.4713804713804714  ,-0.02945934941869049    ,0.23355482864205032 ,-0.1261346193952613     ,0.46675084175084175 ,-0.04289144046384323    ,0.22226528027585848  ,-0.19297409118783504    ,0.4385521885521885
alpha168 ,0.00807441410651689     ,0.11267297521875656  ,0.0716623847984867     ,0.5346283783783784  ,0.00033483044354345337  ,0.11071307532292055 ,0.0030243080373916283  ,0.5021114864864865  ,0.0014990384178107925   ,0.10888765641441472 ,0.013766835169136283    ,0.5088682432432432  ,0.007497121146600963    ,0.10274913222514881  ,0.07296529892021776     ,0.5190033783783784
alpha169 ,-0.013788570032223271   ,0.15347116620262102  ,-0.08984469443607959   ,0.4669771380186283  ,-0.01614660515642274    ,0.15269039855752642 ,-0.10574735090719849   ,0.45300592718035565 ,-0.01979286303658559    ,0.15484159709744924 ,-0.12782652341236828    ,0.4415749364944962  ,-0.013593696317390424   ,0.14751954645510482  ,-0.09214844164076552    ,0.47163420829805247
alpha170 ,0.009142740587448003    ,0.1381257258561598   ,0.0661914392179846     ,0.511402027027027   ,0.004767278467544568    ,0.13516467968423004 ,0.035270149558907116   ,0.5130912162162162  ,0.005635803555223302    ,0.13466920811408223 ,0.04184923661576036     ,0.5135135135135135  ,0.009741877399561333    ,0.12418565728493809  ,0.07844607511485048     ,0.5253378378378378
alpha171 ,0.016816686710448725    ,0.13206868962666926  ,0.12733288077579935    ,0.547130289065773   ,0.007556682709798592    ,0.12301947636146125 ,0.06142671821813981    ,0.5270213657310432  ,0.004652437174261091    ,0.12009941851155329 ,0.038738215654337556    ,0.5152911604524508  ,0.0033422213913020774   ,0.10976752301424417  ,0.03044818084187222     ,0.5119396732299958
alpha172 ,-0.0024815947504055694  ,0.09913927503216417  ,-0.02503139900509112   ,0.4818871103622578  ,-0.0025510793860167753  ,0.09816537273165    ,-0.025987568885319057  ,0.485256950294861   ,-0.0048551045648064315  ,0.09704530928398399 ,-0.05002925541304551    ,0.4713563605728728  ,-0.008630671502715952   ,0.09163127257087697  ,-0.09418914809941235    ,0.45029486099410276
alpha173 ,-0.0006435967185348897  ,0.037614331081657626 ,-0.017110412441941183  ,0.4877326565143824  ,-0.0006907114431567026  ,0.03811663277417518 ,-0.018120998443091074  ,0.48984771573604063 ,-0.0007364010675768604  ,0.03873356195650812 ,-0.019011963537041245   ,0.4847715736040609  ,-4.329432949925884e-05  ,0.03871169184441366  ,-0.0011183786457399814  ,0.5084602368866328
alpha174 ,0.009415640478795713    ,0.1151588033212279   ,0.08176222926293705    ,0.5331504343850023  ,0.002656868258892936    ,0.10963303325537593 ,0.024234194567107396   ,0.5029721079103795  ,-0.0005755207553230922  ,0.1111238406510476  ,-0.0051790934506156     ,0.5016003657978967  ,0.004561677479224188    ,0.10175545190889272  ,0.04482980905345996     ,0.5212620027434842
alpha175 ,0.015920295613630224    ,0.1503629385639582   ,0.10587911998579615    ,0.5657216494845361  ,0.02267674787408757     ,0.15260537206659144 ,0.1485973106123175     ,0.561426116838488   ,0.03085021996663456     ,0.15184867787208045 ,0.2031642316479254      ,0.5979381443298969  ,0.04585892624091649     ,0.1463584753540416   ,0.31333290491024596     ,0.6297250859106529
alpha176 ,-0.01661911438025045    ,0.0889589964909941   ,-0.18681769169836476   ,0.4355724545838614  ,-0.02006509331859734    ,0.09019307305642708 ,-0.22246822997198581   ,0.41106886354034644 ,-0.025204063586346602   ,0.09240784162775284 ,-0.27274810386629644    ,0.394169835234474   ,-0.0284764761648644     ,0.08893371905598069  ,-0.3201988679562523     ,0.34305027460920995
alpha177 ,0.019963474422083786    ,0.22212908695260072  ,0.08987330158316328    ,0.5215371621621622  ,0.022202436721255638    ,0.22661158661692252 ,0.0979757348364889     ,0.5219594594594594  ,0.027476504302053367    ,0.23141485688872945 ,0.1187326720136418      ,0.5291385135135135  ,0.04026256368449423     ,0.22286317147701248  ,0.18066046272991843     ,0.5578547297297297
alpha178 ,0.00535526337818257     ,0.10296379730055694  ,0.05201112933461714    ,0.5227858985382631  ,0.0011064625656923397   ,0.09758579658951995 ,0.011338356649856628   ,0.5090283748925194  ,0.001236641454217232    ,0.0950248873023503  ,0.013013869201259716    ,0.5085984522785899  ,0.0018845717435960433   ,0.08909697304444987  ,0.0211519166050214      ,0.5077386070507308
alpha179 ,-0.004561937652676841   ,0.07749966677005866  ,-0.05886396474725626   ,0.47408993576017133 ,-0.0032813057043055913  ,0.0766439614790289  ,-0.042812318687407785  ,0.4929336188436831  ,-0.001710887989456744   ,0.07836567330687746 ,-0.021832109867249677   ,0.5006423982869379  ,-0.0035655799079380053  ,0.07417175857203394  ,-0.04807193433974192    ,0.4877944325481799
alpha180 ,0.008881499157874919    ,0.11956680905452444  ,0.07428064048965971    ,0.5316722972972973  ,0.002780299691895899    ,0.1164969579819766  ,0.023865856585938004   ,0.5033783783783784  ,0.0038722169648889005   ,0.11620746987365749 ,0.033321583966149794    ,0.5143581081081081  ,0.009702896444451568    ,0.10603572327079765  ,0.09150592031774028     ,0.5291385135135135
alpha181 ,-0.0011156954274464002  ,0.1257641066963105   ,-0.008871334252312     ,0.4890202702702703  ,0.00023921718217852366  ,0.12697498193943985 ,0.0018839709880220123  ,0.49451013513513514 ,0.006676344465403652    ,0.12775090593612073 ,0.05226064282269766     ,0.5071790540540541  ,0.003920223422663652    ,0.12634006288622548  ,0.03102913939653471     ,0.5004222972972973
alpha182 ,-0.005454938366473063   ,0.13550099261302687  ,-0.04025755281403476   ,0.4953547297297297  ,-0.005746516383069761   ,0.13692825779528967 ,-0.041967351922792384  ,0.4953547297297297  ,-0.008606625763567126   ,0.13786378640785643 ,-0.06242847369725703    ,0.48986486486486486 ,-0.013333006699626476   ,0.1356194984249404   ,-0.09831187148215068    ,0.48690878378378377
alpha183 ,0.01285174727158576     ,0.09358482060507486  ,0.13732726299513623    ,0.5592216582064298  ,0.013993588034701746    ,0.09436574642567805 ,0.14829096960222765    ,0.5524534686971235  ,0.016676326746191503    ,0.09380334828805033 ,0.1777796533976806      ,0.5609137055837563  ,0.01269786755640105     ,0.08631652367833142  ,0.14710818989561178     ,0.5456852791878173
alpha184 ,0.009415640478795713    ,0.1151588033212279   ,0.08176222926293705    ,0.5331504343850023  ,0.002656868258892936    ,0.10963303325537593 ,0.024234194567107396   ,0.5029721079103795  ,-0.0005755207553230922  ,0.1111238406510476  ,-0.0051790934506156     ,0.5016003657978967  ,0.004561677479224188    ,0.10175545190889272  ,0.04482980905345996     ,0.5212620027434842
alpha185 ,0.01730135233773892     ,0.12418985031146726  ,0.13931373855711437    ,0.5633445945945946  ,0.008531992327107489    ,0.11689067038825383 ,0.0729912173381192     ,0.5392736486486487  ,0.0047910802372003155   ,0.11362877394181652 ,0.042164322213434975    ,0.5240709459459459  ,0.00556017393714639     ,0.10290161147581971  ,0.054033885936304746    ,0.5223817567567568
alpha186 ,-0.004789783789174295   ,0.10174216948393307  ,-0.04707766517531051   ,0.4750844594594595  ,-0.005341507071033108   ,0.09941975667567242 ,-0.05372681697922674   ,0.46494932432432434 ,-0.008753602730028268   ,0.09943251518364409 ,-0.08803561605437665    ,0.46072635135135137 ,-0.010309256132284917   ,0.09357687476005319  ,-0.11016884415855498    ,0.44721283783783783
alpha187 ,-0.02218346158281594    ,0.2232330291575637   ,-0.09937356343069767   ,0.47930743243243246 ,-0.02679021306521548    ,0.2276382911619429  ,-0.11768763914220741   ,0.47846283783783783 ,-0.03388207870174319    ,0.2324613455760286  ,-0.1457536031110245     ,0.46114864864864863 ,-0.04253146848909577    ,0.22774534616656034  ,-0.18675011017784138    ,0.44467905405405406
alpha188 ,0.005395128767142296    ,0.18904054802949768  ,0.028539531986018395   ,0.5004222972972973  ,0.01058050943060718     ,0.18292800281942706 ,0.05783974715479441    ,0.49746621621621623 ,0.013879131753852263    ,0.1746778873769075  ,0.07945557369780218     ,0.5016891891891891  ,-0.0024983468737234536  ,0.15388873785753004  ,-0.016234760961106973   ,0.44003378378378377
alpha189 ,0.002350774551754981    ,0.09989575932450818  ,0.023532275720719684   ,0.5071790540540541  ,0.0015178686463962797   ,0.09746565763264105 ,0.015573368951321257   ,0.5101351351351351  ,0.001457054559289598    ,0.09959325531438208 ,0.014630052554163149    ,0.5054898648648649  ,0.0008430552540397712   ,0.08985917417420336  ,0.009381960849154946    ,0.5092905405405406
alpha190 ,0.004075563127332776    ,0.09445196469955827  ,0.043149585509382596   ,0.5126796280642435  ,0.009734636839685505    ,0.09060750538214025 ,0.1074374225250915     ,0.5355029585798816  ,0.009835105343324192    ,0.09017026771469366 ,0.10907259779291435     ,0.5414201183431953  ,0.009351134732609755    ,0.08601562607652853  ,0.10871437155255957     ,0.5397295012679628
alpha191 ,0.0073260802843287415   ,0.1076900918889897   ,0.0680292880786163     ,0.5140664961636828  ,0.002792978547120966    ,0.10555299508996978 ,0.02646043861417979    ,0.5157715260017051  ,5.260913285268324e-05   ,0.10856812317493544 ,0.00048457255513125456  ,0.5012787723785166  ,0.00520162415657648     ,0.09834501301239837  ,0.05289159050617758     ,0.5370843989769821
