date,open,high,low,close,preclose,volume,amount,adjustflag,turn,tradestatus,pctChg,isST
2024-12-30,9.9140400000,12.3925500000,9.0316904400,9.2200572000,2.2802292000,613161688,6210293647.3700,2,73.087300,1,304.347800,0
2024-12-31,8.0601145200,9.8842978800,7.1579368800,9.1308308400,9.2200572000,520630763,4252485152.4400,2,62.057900,1,-0.967700,0
2025-01-02,8.1295128000,9.5075643600,8.0502004800,8.6153007600,9.1308308400,405378115,3617893097.2600,2,48.320000,1,-5.646000,0
2025-01-03,8.3476216800,8.7045271200,7.4355300000,7.4751861600,8.6153007600,362644198,2940787147.6300,2,43.226300,1,-13.233600,0
2025-01-06,7.2174211200,7.4851002000,6.8208595200,7.3760457600,7.4751861600,242543376,1754558050.1300,2,28.910600,1,-1.326300,0
2025-01-07,7.3066474800,7.4355300000,6.7514612400,7.0488824400,7.3760457600,263780803,1869556439.1500,2,31.442000,1,-4.435500,0
2025-01-08,6.9893982000,7.7527792800,6.9398280000,7.7527792800,7.0488824400,196457262,1504176888.4700,2,23.417200,1,9.985900,0
2025-01-09,7.7626933200,8.5260744000,7.5842406000,8.5260744000,7.7527792800,399198360,3257289563.3600,2,47.583400,1,9.974400,0
2025-01-10,8.5756446000,8.8036675200,7.8221775600,7.8618337200,8.5260744000,389741835,3245539130.9100,2,46.456200,1,-7.790700,0
2025-01-13,7.5247563600,7.7131231200,7.2669913200,7.3066474800,7.8618337200,217910878,1635152816.8600,2,25.974400,1,-7.061800,0
2025-01-14,7.3165615200,7.7230371600,7.2868194000,7.6932950400,7.3066474800,235066973,1788817308.3100,2,28.019400,1,5.291700,0
2025-01-15,7.6238967600,7.6338108000,7.2570772800,7.3066474800,7.6932950400,214805212,1604049257.6400,2,25.604200,1,-5.025800,0
2025-01-16,7.3264755600,7.4454440400,7.1381088000,7.2372492000,7.3066474800,151137188,1109656448.7500,2,18.015200,1,-0.949800,0
2025-01-17,7.2273351600,7.2273351600,7.0389684000,7.0687105200,7.2372492000,115958318,830686571.5800,2,13.821900,1,-2.328800,0
2025-01-20,7.0984526400,7.3165615200,7.0687105200,7.1678509200,7.0687105200,114926325,829805448.4300,2,13.698900,1,1.402500,0
2025-01-21,7.1381088000,7.6635529200,7.0488824400,7.4454440400,7.1678509200,227768546,1685307053.5100,2,27.149400,1,3.872800,0
2025-01-22,7.2868194000,7.3859598000,7.1381088000,7.1777649600,7.4454440400,128201352,936646831.8600,2,15.281300,1,-3.595200,0
2025-01-23,7.2669913200,7.3859598000,7.1579368800,7.1579368800,7.1777649600,116120386,851009750.3500,2,13.841300,1,-0.276200,0
2025-01-24,7.1381088000,7.1975930400,7.0984526400,7.1777649600,7.1579368800,85934827,620233685.9100,2,10.243200,1,0.277000,0
2025-01-27,7.1777649600,7.2372492000,6.9993122400,6.9993122400,7.1777649600,87082912,622982534.7400,2,10.380100,1,-2.486200,0
2025-02-05,6.9993122400,7.0389684000,6.8506016400,7.0092262800,6.9993122400,78075147,547689532.5000,2,9.306400,1,0.141600,0
2025-02-06,6.9993122400,7.0488824400,6.9100858800,7.0488824400,7.0092262800,101261370,714162776.8900,2,12.070100,1,0.565800,0
2025-02-07,7.0389684000,7.3264755600,7.0092262800,7.2273351600,7.0488824400,164954024,1190154104.5300,2,19.662100,1,2.531600,0
2025-02-10,7.1480228400,7.2273351600,7.1381088000,7.2075070800,7.2273351600,93677748,678648069.0400,2,11.166200,1,-0.274300,0
2025-02-11,7.2075070800,7.2174211200,7.0687105200,7.1083666800,7.2075070800,89927158,644621855.0500,2,10.719100,1,-1.375500,0
2025-02-12,7.1083666800,7.1083666800,7.0290543600,7.0786245600,7.1083666800,71239898,507015328.9200,2,8.491600,1,-0.418400,0
2025-02-13,7.0687105200,7.1281947600,7.0290543600,7.0290543600,7.0786245600,71037302,506421578.3600,2,8.467500,1,-0.700300,0
2025-02-14,6.9993122400,7.0092262800,6.9497420400,6.9695701200,7.0290543600,68403257,480581997.4700,2,8.153500,1,-0.846300,0
2025-02-17,6.9695701200,7.0786245600,6.9497420400,7.0687105200,6.9695701200,88568613,628146460.7100,2,10.557200,1,1.422500,0
2025-02-18,7.0389684000,7.0587964800,6.8605156800,6.8803437600,7.0687105200,88709446,621849261.1200,2,10.573900,1,-2.664800,0
2025-02-19,6.8605156800,6.9100858800,6.8506016400,6.9100858800,6.8803437600,50140297,348022279.8200,2,5.976600,1,0.432300,0
2025-02-20,6.8902578000,6.9100858800,6.8506016400,6.8605156800,6.9100858800,48924740,338669098.9700,2,5.831700,1,-0.717400,0
2025-02-21,6.8704297200,6.8803437600,6.7712893200,6.8307735600,6.8605156800,63933925,439541538.5300,2,7.620800,1,-0.433500,0
2025-02-24,6.8010314400,6.8803437600,6.7911174000,6.8506016400,6.8307735600,46258613,319464213.7700,2,5.513900,1,0.290300,0
2025-02-25,6.8109454800,6.9893982000,6.7812033600,6.8902578000,6.8506016400,76735350,534993004.9400,2,9.146700,1,0.578900,0
2025-02-26,6.8902578000,6.9001718400,6.8109454800,6.8406876000,6.8902578000,55827671,384880957.8900,2,6.654500,1,-0.719400,0
2025-02-27,6.8406876000,6.8704297200,6.7812033600,6.8208595200,6.8406876000,50466807,346973814.2500,2,6.015500,1,-0.289900,0
2025-02-28,6.8010314400,6.9993122400,6.7613752800,6.8605156800,6.8208595200,106875347,742586390.8800,2,12.739300,1,0.581400,0
2025-03-03,6.7911174000,6.8208595200,6.7514612400,6.8010314400,6.8605156800,54208860,370951211.5600,2,6.461600,1,-0.867100,0
2025-03-04,6.7712893200,6.7911174000,6.7514612400,6.7911174000,6.8010314400,37036998,252845818.7500,2,4.414700,1,-0.145800,0
2025-03-05,6.7712893200,6.7812033600,6.7514612400,6.7712893200,6.7911174000,31381673,214114154.7100,2,3.740600,1,-0.292000,0
2025-03-06,6.7812033600,6.8109454800,6.7712893200,6.8010314400,6.7712893200,43697535,299269711.4800,2,5.208600,1,0.439200,0
2025-03-07,6.7812033600,6.7911174000,6.7514612400,6.7613752800,6.8010314400,40787058,278309491.1800,2,4.861700,1,-0.583100,0
2025-03-10,6.7613752800,6.7712893200,6.6721489200,6.6919770000,6.7613752800,58381680,394921461.8100,2,6.958900,1,-1.026400,0
2025-03-11,6.6622348800,6.6622348800,6.5630944800,6.6126646800,6.6919770000,57211859,380951124.1100,2,6.819500,1,-1.185200,0
2025-03-12,6.6027506400,6.7018910400,6.5928366000,6.6424068000,6.6126646800,44041245,295253164.6700,2,5.249600,1,0.449800,0
2025-03-13,6.6324927600,6.6324927600,6.5333523600,6.5531804400,6.6424068000,46617645,308933365.9200,2,5.556700,1,-1.343300,0
2025-03-14,6.5531804400,6.6027506400,6.5432664000,6.6027506400,6.5531804400,36597870,243127343.5000,2,4.362400,1,0.756400,0
2025-03-17,6.6027506400,6.6721489200,6.5928366000,6.6324927600,6.6027506400,35056709,234508762.9500,2,4.178700,1,0.450500,0
2025-03-18,6.6424068000,6.8010314400,6.6027506400,6.7415472000,6.6324927600,78504233,531547451.8200,2,9.357500,1,1.644200,0
2025-03-19,6.6721489200,6.7018910400,6.6424068000,6.6523208400,6.7415472000,42478466,285541155.5200,2,5.063300,1,-1.323500,0
2025-03-20,6.6424068000,6.6721489200,6.6126646800,6.6324927600,6.6523208400,25608999,171425635.1800,2,3.052500,1,-0.298100,0
2025-03-21,6.6324927600,6.6424068000,6.5630944800,6.5829225600,6.6324927600,32288506,215115438.0400,2,3.848700,1,-0.747400,0
2025-03-24,6.5730085200,6.5829225600,6.4441260000,6.4936962000,6.5829225600,36711691,241436952.9200,2,4.375900,1,-1.355400,0
2025-03-25,6.5036102400,6.5829225600,6.4936962000,6.5333523600,6.4936962000,26028638,171817862.1100,2,3.102500,1,0.610700,0
2025-03-26,6.5036102400,6.6721489200,6.4936962000,6.6027506400,6.5333523600,39938863,265155691.9100,2,4.760600,1,1.062200,0
2025-03-27,6.5432664000,6.9893982000,6.5234383200,6.8605156800,6.6027506400,156672678,1080591420.3600,2,18.675000,1,3.903900,0
2025-03-28,6.7911174000,6.7911174000,6.6523208400,6.6622348800,6.8605156800,76104932,513916732.6600,2,9.071500,1,-2.890200,0
2025-03-31,6.6027506400,6.9001718400,6.5928366000,6.8902578000,6.6622348800,119872939,823708227.2000,2,14.288600,1,3.422600,0
2025-04-01,6.8406876000,6.9299139600,6.7911174000,6.8902578000,6.8902578000,77074938,534439976.2200,2,9.187100,1,0.000000,0
2025-04-02,6.8704297200,6.8704297200,6.7514612400,6.7613752800,6.8902578000,58774813,402503872.6500,2,7.005800,1,-1.870500,0
2025-04-03,6.7118050800,7.3562176800,6.6919770000,7.0092262800,6.7613752800,150202514,1063230592.7300,2,17.903800,1,3.665700,0
2025-04-07,6.6523208400,6.9398280000,6.3053294400,6.3152434800,7.0092262800,147313063,975645541.1600,2,17.559300,1,-9.901000,0
2025-04-08,6.3350715600,6.9497420400,6.3350715600,6.9497420400,6.3152434800,178213215,1208200391.4700,2,21.242600,1,10.047100,0
2025-04-09,6.9993122400,7.4851002000,6.8307735600,7.2769053600,6.9497420400,302920091,2180839533.5000,2,36.107300,1,4.707600,0
2025-04-10,7.2174211200,7.5644125200,7.0488824400,7.2570772800,7.2769053600,272191639,2013756958.7000,2,32.444600,1,-0.272500,0
2025-04-11,7.1480228400,7.4157019200,7.1182807200,7.1777649600,7.2570772800,194334426,1422784702.5700,2,23.164200,1,-1.092900,0
2025-04-14,7.2075070800,7.7825214000,7.1381088000,7.5247563600,7.1777649600,258922545,1943798503.7900,2,30.862900,1,4.834300,0
2025-04-15,7.4851002000,7.4950142400,7.2372492000,7.2967334400,7.5247563600,144829433,1069254822.5400,2,17.263300,1,-3.030300,0
2025-04-16,7.2471632400,7.5049282800,7.1876790000,7.2967334400,7.2967334400,152836241,1130170784.5800,2,18.217700,1,0.000000,0
2025-04-17,7.1975930400,7.2174211200,7.0687105200,7.0687105200,7.2967334400,121623220,875061560.3400,2,14.497200,1,-3.125000,0
2025-04-18,7.0092262800,7.1876790000,6.9794841600,7.0191403200,7.0687105200,76290629,543333596.0700,2,9.093700,1,-0.701300,0
2025-04-21,7.0488824400,7.2273351600,7.0092262800,7.1182807200,7.0191403200,94676076,680559896.0400,2,11.285100,1,1.412400,0
2025-04-22,7.0984526400,7.5346704000,7.0984526400,7.3859598000,7.1182807200,191919402,1421006240.9600,2,22.876300,1,3.760400,0
2025-04-23,7.3066474800,7.3760457600,7.1876790000,7.2174211200,7.3859598000,132800150,970357496.5300,2,15.829400,1,-2.281900,0
2025-04-24,7.1678509200,7.2174211200,6.9596560800,7.0389684000,7.2174211200,91744784,653164867.5400,2,10.935700,1,-2.472500,0
2025-04-25,7.0092262800,7.0984526400,6.9695701200,7.0587964800,7.0389684000,59088944,419807410.8700,2,7.043300,1,0.281700,0
2025-04-28,7.0687105200,7.0687105200,6.8406876000,6.8506016400,7.0587964800,66559971,465499762.6900,2,7.933800,1,-2.949400,0
2025-04-29,6.8406876000,6.9100858800,6.7514612400,6.8704297200,6.8506016400,52594102,363760703.8300,2,6.269100,1,0.289400,0
2025-04-30,6.8704297200,6.9001718400,6.8208595200,6.8208595200,6.8704297200,49266376,340743055.0000,2,5.872400,1,-0.721500,0
2025-05-06,6.8506016400,7.0092262800,6.8406876000,7.0092262800,6.8208595200,63756422,447453962.7500,2,7.599600,1,2.761600,0
2025-05-07,7.0389684000,7.0687105200,6.9299139600,6.9695701200,7.0092262800,57062169,401870669.4600,2,6.801700,1,-0.565800,0
2025-05-08,6.9398280000,6.9893982000,6.9199999200,6.9695701200,6.9695701200,44700072,313884560.1400,2,5.328100,1,0.000000,0
2025-05-09,6.9695701200,6.9695701200,6.8406876000,6.8605156800,6.9695701200,42034062,291785257.9600,2,5.010400,1,-1.564700,0
2025-05-12,6.9001718400,6.9794841600,6.8605156800,6.9794841600,6.8605156800,45583235,318459769.0700,2,5.433400,1,1.734100,0
2025-05-13,7.0984526400,7.1876790000,6.9794841600,6.9794841600,6.9794841600,89091973,634899161.0600,2,10.619500,1,0.000000,0
2025-05-14,6.9596560800,7.6635529200,6.9497420400,7.4256159600,6.9794841600,250447619,1833469334.3500,2,29.852700,1,6.392000,0
2025-05-15,7.4256159600,7.5445844400,7.2174211200,7.2372492000,7.4256159600,168247100,1249468358.6900,2,20.054600,1,-2.536700,0
2025-05-16,7.2174211200,7.3363896000,7.0984526400,7.1182807200,7.2372492000,97645849,705350440.7600,2,11.639100,1,-1.643800,0
2025-05-19,7.1083666800,7.2075070800,7.0984526400,7.1281947600,7.1182807200,63194607,454545102.6900,2,7.532600,1,0.139300,0
2025-05-20,7.1083666800,7.1381088000,7.0687105200,7.1281947600,7.1281947600,49435985,354271949.5400,2,5.892600,1,0.000000,0
2025-05-21,7.1182807200,7.1182807200,7.0290543600,7.0786245600,7.1281947600,53224411,379317022.8900,2,6.344200,1,-0.695400,0
2025-05-22,7.0389684000,7.0786245600,6.9993122400,7.0191403200,7.0786245600,36577666,259334026.6200,2,4.360000,1,-0.840300,0
2025-05-23,6.9993122400,7.0389684000,6.9398280000,6.9398280000,7.0191403200,42025608,296117227.6000,2,5.009300,1,-1.129900,0
2025-05-26,6.9199999200,6.9893982000,6.8704297200,6.9497420400,6.9398280000,32345723,225981688.7700,2,3.855500,1,0.142900,0
2025-05-27,6.9199999200,6.9497420400,6.9001718400,6.9497420400,6.9497420400,27206179,190188654.2100,2,3.242900,1,0.000000,0
2025-05-28,6.9398280000,7.0290543600,6.9299139600,6.9398280000,6.9497420400,37106672,261142024.4800,2,4.423000,1,-0.142700,0
2025-05-29,6.8902578000,6.9993122400,6.8803437600,6.9893982000,6.9398280000,38067124,267308713.1800,2,4.537500,1,0.714300,0
2025-05-30,6.9794841600,7.0389684000,6.9398280000,7.0290543600,6.9893982000,43804826,308905661.8800,2,5.221400,1,0.567400,0
2025-06-03,7.0290543600,7.0587964800,6.9893982000,6.9993122400,7.0290543600,48811324,345558455.4400,2,5.818200,1,-0.423100,0
2025-06-04,6.9993122400,7.0290543600,6.9299139600,6.9993122400,6.9993122400,40723405,286652224.2900,2,4.854100,1,0.000000,0
2025-06-05,6.9993122400,7.0092262800,6.9398280000,6.9695701200,6.9993122400,33567020,235744823.3200,2,4.001100,1,-0.424900,0
2025-06-06,6.9596560800,6.9893982000,6.9398280000,6.9596560800,6.9695701200,28500671,200162999.5600,2,3.397200,1,-0.142200,0
2025-06-09,6.9596560800,7.0191403200,6.9398280000,7.0092262800,6.9596560800,38988496,274814252.9100,2,4.647300,1,0.712300,0
2025-06-10,7.0092262800,7.0191403200,6.9001718400,6.9794841600,7.0092262800,39193844,275464034.3400,2,4.671800,1,-0.424300,0
2025-06-11,6.9695701200,7.0290543600,6.9497420400,6.9993122400,6.9794841600,38373594,271034524.5800,2,4.574000,1,0.284100,0
2025-06-12,6.9893982000,7.0191403200,6.9497420400,7.0092262800,6.9993122400,41752765,294075578.9100,2,4.976800,1,0.141600,0
2025-06-13,6.9695701200,6.9794841600,6.8307735600,6.8307735600,7.0092262800,84231819,585318614.4500,2,10.040200,1,-2.546000,0
2025-06-16,6.7712893200,6.8109454800,6.7514612400,6.7911174000,6.8307735600,32565276,222871738.4000,2,3.881700,1,-0.580600,0
2025-06-17,6.7911174000,6.8109454800,6.7514612400,6.7613752800,6.7911174000,26152010,178764792.2000,2,3.117300,1,-0.438000,0
2025-06-18,6.7514612400,6.7911174000,6.6424068000,6.7812033600,6.7613752800,40823575,276382356.9700,2,4.866100,1,0.293300,0
2025-06-19,6.7514612400,6.7613752800,6.5928366000,6.6027506400,6.7812033600,34939122,234687667.0200,2,4.164700,1,-2.631600,0
2025-06-20,6.6027506400,6.6523208400,6.5928366000,6.6523208400,6.6027506400,22042969,147202440.3300,2,2.627500,1,0.750800,0
2025-06-23,6.6324927600,6.6721489200,6.5928366000,6.6523208400,6.6523208400,19136720,128077349.3900,2,2.281000,1,0.000000,0
2025-06-24,6.6622348800,6.7217191200,6.6523208400,6.7118050800,6.6523208400,25167685,170085165.3700,2,2.999900,1,0.894200,0
2025-06-25,6.7118050800,6.7217191200,6.6622348800,6.7217191200,6.7118050800,28450506,192056971.5100,2,3.391200,1,0.147700,0
2025-06-26,6.7217191200,6.7217191200,6.6622348800,6.6721489200,6.7217191200,28474299,192174387.8900,2,3.394100,1,-0.737500,0
2025-06-27,6.6424068000,6.7217191200,6.6424068000,6.6721489200,6.6721489200,20821788,140460164.7800,2,2.481900,1,0.000000,0
2025-06-30,6.6424068000,6.6820629600,6.6225787200,6.6721489200,6.6721489200,33241835,222907943.1800,2,3.870900,1,0.000000,0
2025-07-01,6.6721489200,6.7118050800,6.6424068000,6.7018910400,6.6721489200,24555223,165498449.7900,2,2.859400,1,0.445800,0
2025-07-02,6.7118050800,6.7316331600,6.6820629600,6.7018910400,6.7018910400,23817886,161051026.7800,2,2.773500,1,0.000000,0
2025-07-03,6.6919770000,6.7316331600,6.6820629600,6.7118050800,6.7018910400,19026452,128679429.3000,2,2.215600,1,0.147900,0
2025-07-04,6.6919770000,6.7712893200,6.6919770000,6.7018910400,6.7118050800,30246478,205224637.9000,2,3.522100,1,-0.147700,0
2025-07-07,6.8208595200,6.9794841600,6.7812033600,6.9596560800,6.7018910400,106092632,738778424.7900,2,12.354100,1,3.846200,0
2025-07-08,6.9001718400,6.9199999200,6.8605156800,6.9001718400,6.9596560800,58094292,403643373.6100,2,6.764900,1,-0.854700,0
2025-07-09,6.8902578000,6.9299139600,6.8704297200,6.8902578000,6.9001718400,39420819,274316087.1000,2,4.590400,1,-0.143700,0
2025-07-10,6.8803437600,6.9299139600,6.8803437600,6.9199999200,6.8902578000,36169336,251970557.6200,2,4.211800,1,0.431700,0
2025-07-11,6.9400000000,6.9500000000,6.8700000000,6.9000000000,6.9200000000,39341152,271530702.6500,2,4.581100,1,-0.289000,0
2025-07-14,6.8800000000,6.9300000000,6.8700000000,6.8900000000,6.9000000000,27666654,190879531.8100,2,3.221700,1,-0.144900,0
2025-07-15,6.8900000000,6.9000000000,6.7800000000,6.8300000000,6.8900000000,35777008,244169703.3600,2,4.166100,1,-0.870800,0
2025-07-16,6.8100000000,6.8800000000,6.8100000000,6.8500000000,6.8300000000,17882426,122477381.0400,2,2.082300,1,0.292800,0
2025-07-17,6.8600000000,6.8600000000,6.8100000000,6.8500000000,6.8500000000,20794006,142114830.1000,2,2.421400,1,0.000000,0
2025-07-18,6.8500000000,6.8700000000,6.8300000000,6.8500000000,6.8500000000,24410873,167177760.4400,2,2.842600,1,0.000000,0
2025-07-21,6.8600000000,6.9000000000,6.8400000000,6.8900000000,6.8500000000,30643479,210849147.0400,2,3.568300,1,0.583900,0
2025-07-22,6.9000000000,6.9100000000,6.8300000000,6.9000000000,6.8900000000,32252464,221598454.4000,2,3.755700,1,0.145100,0
2025-07-23,6.9000000000,6.9500000000,6.8700000000,6.8800000000,6.9000000000,56589452,390818880.6000,2,6.589600,1,-0.289900,0
2025-07-24,6.8600000000,6.9300000000,6.8500000000,6.9300000000,6.8800000000,41914847,289287562.0600,2,4.880800,1,0.726700,0
2025-07-25,6.9300000000,6.9500000000,6.8900000000,6.9100000000,6.9300000000,31260000,215964819.3400,2,3.640100,1,-0.288600,0
2025-07-28,6.9000000000,6.9100000000,6.8500000000,6.8700000000,6.9100000000,29401340,201993723.3000,2,3.423700,1,-0.578900,0
2025-07-29,6.8700000000,6.8700000000,6.8000000000,6.8400000000,6.8700000000,26462526,180561574.9000,2,3.081500,1,-0.436700,0
2025-07-30,6.8300000000,6.8800000000,6.8100000000,6.8300000000,6.8400000000,26116030,178766441.3700,2,3.041100,1,-0.146200,0
2025-07-31,6.8200000000,6.8200000000,6.7000000000,6.7100000000,6.8300000000,37301112,252034372.1200,2,4.343600,1,-1.757000,0
2025-08-01,6.7000000000,6.7800000000,6.7000000000,6.7400000000,6.7100000000,18697477,126116615.0200,2,2.177300,1,0.447100,0
2025-08-04,6.7100000000,6.7600000000,6.6900000000,6.7600000000,6.7400000000,14876790,100172111.3800,2,1.732300,1,0.296700,0
2025-08-05,6.7600000000,6.7800000000,6.7500000000,6.7700000000,6.7600000000,15226895,102982859.2000,2,1.773100,1,0.147900,0
2025-08-06,6.7600000000,6.7700000000,6.7300000000,6.7600000000,6.7700000000,18052617,121813078.7800,2,2.102200,1,-0.147700,0
2025-08-07,6.7600000000,6.7900000000,6.7500000000,6.7900000000,6.7600000000,21023584,142397347.8100,2,2.448100,1,0.443800,0
2025-08-08,6.7800000000,6.7900000000,6.7300000000,6.7400000000,6.7900000000,17939731,121004908.3300,2,2.089000,1,-0.736400,0
2025-08-11,6.7400000000,6.7600000000,6.7200000000,6.7600000000,6.7400000000,18943161,127706911.2700,2,2.205900,1,0.296700,0
2025-08-12,6.7600000000,6.7600000000,6.7300000000,6.7400000000,6.7600000000,16641967,112202150.2100,2,1.937900,1,-0.295900,0
2025-08-13,6.7400000000,6.7700000000,6.7300000000,6.7600000000,6.7400000000,24683494,166568913.5600,2,2.874300,1,0.296700,0
2025-08-14,6.7800000000,6.8400000000,6.7400000000,6.7500000000,6.7600000000,40027105,271611678.0100,2,4.661000,1,-0.147900,0
2025-08-15,6.7600000000,6.7900000000,6.7200000000,6.7800000000,6.7500000000,27608192,186627806.2100,2,3.214900,1,0.444400,0
2025-08-18,6.7800000000,6.8700000000,6.7800000000,6.8500000000,6.7800000000,53159496,363785450.3700,2,6.190200,1,1.032400,0
2025-08-19,6.8700000000,6.8800000000,6.8000000000,6.8300000000,6.8500000000,30410267,207729944.9200,2,3.541200,1,-0.292000,0
2025-08-20,6.8200000000,6.8900000000,6.8000000000,6.8900000000,6.8300000000,45119976,309713285.5800,2,5.254100,1,0.878500,0
2025-08-21,6.8900000000,6.9400000000,6.8500000000,6.8700000000,6.8900000000,45137089,311318046.7500,2,5.256000,1,-0.290300,0
2025-08-22,6.8700000000,6.8800000000,6.8300000000,6.8800000000,6.8700000000,31433316,215425113.0000,2,3.660300,1,0.145600,0
2025-08-25,6.9000000000,6.9500000000,6.8900000000,6.9400000000,6.8800000000,53028377,366983023.1100,2,6.175000,1,0.872100,0
2025-08-26,6.9300000000,6.9700000000,6.9100000000,6.9500000000,6.9400000000,39368866,273288644.0400,2,4.584400,1,0.144100,0
2025-08-27,6.9600000000,6.9900000000,6.8300000000,6.8400000000,6.9500000000,56118035,388309788.4500,2,6.534700,1,-1.582700,0
2025-08-28,6.8400000000,6.9100000000,6.7000000000,6.9100000000,6.8400000000,54209126,369928591.5700,2,6.312400,1,1.023400,0
2025-08-29,6.9000000000,6.9400000000,6.8300000000,6.8400000000,6.9100000000,36560199,251481514.9700,2,4.257300,1,-1.013000,0
2025-09-01,6.8500000000,6.8700000000,6.8200000000,6.8400000000,6.8400000000,26854824,183781825.5200,2,3.127100,1,0.000000,0
2025-09-02,6.8400000000,6.8600000000,6.7400000000,6.7700000000,6.8400000000,32654867,221700774.1800,2,3.802500,1,-1.023400,0
2025-09-03,6.7800000000,6.8000000000,6.6500000000,6.6700000000,6.7700000000,36698490,246150586.7200,2,4.273400,1,-1.477100,0
2025-09-04,6.6700000000,6.6900000000,6.6300000000,6.6700000000,6.6700000000,31773111,211712284.3000,2,3.699900,1,0.000000,0
2025-09-05,6.6800000000,6.7300000000,6.6300000000,6.7300000000,6.6700000000,24297525,162536315.9600,2,2.829400,1,0.899600,0
2025-09-08,6.7100000000,6.7800000000,6.7100000000,6.7800000000,6.7300000000,22740343,153731537.4000,2,2.648000,1,0.742900,0
2025-09-09,6.7700000000,6.7700000000,6.7000000000,6.7500000000,6.7800000000,18915700,127367931.0000,2,2.202700,1,-0.442500,0
2025-09-10,6.7400000000,6.7500000000,6.7000000000,6.7200000000,6.7500000000,15555877,104523268.4000,2,1.811400,1,-0.444400,0
2025-09-11,6.7100000000,6.7500000000,6.6800000000,6.7500000000,6.7200000000,19816542,133144522.1400,2,2.307600,1,0.446400,0
2025-09-12,6.7500000000,6.7600000000,6.7200000000,6.7300000000,6.7500000000,19763208,133192639.9200,2,2.301400,1,-0.296300,0
2025-09-15,6.7300000000,6.7400000000,6.7000000000,6.7300000000,6.7300000000,16123999,108321925.8100,2,1.877600,1,0.000000,0
2025-09-16,6.7400000000,6.8300000000,6.7300000000,6.8100000000,6.7300000000,41201040,279581136.5000,2,4.797700,1,1.188700,0
2025-09-17,6.7800000000,6.8100000000,6.7500000000,6.7800000000,6.8100000000,24648417,167023220.9300,2,2.870200,1,-0.440500,0
2025-09-18,6.7700000000,6.7900000000,6.6600000000,6.6900000000,6.7800000000,35310772,237570706.1600,2,4.111800,1,-1.327400,0
2025-09-19,6.6900000000,6.7300000000,6.6800000000,6.7000000000,6.6900000000,18789352,125821014.9800,2,2.187900,1,0.149500,0
2025-09-22,6.7100000000,6.7200000000,6.6400000000,6.6700000000,6.7000000000,19621474,130718304.8100,2,2.284800,1,-0.447800,0
2025-09-23,6.6700000000,6.6700000000,6.5500000000,6.6000000000,6.6700000000,26703047,175986356.6900,2,3.109500,1,-1.049500,0
2025-09-24,6.5800000000,6.6300000000,6.5600000000,6.6300000000,6.6000000000,16801234,111008637.5500,2,1.956400,1,0.454500,0
2025-09-25,6.6200000000,6.6200000000,6.5700000000,6.5800000000,6.6300000000,17958043,118300968.8000,2,2.091100,1,-0.754100,0
2025-09-26,6.5800000000,6.5900000000,6.5500000000,6.5700000000,6.5800000000,13548796,88997455.3700,2,1.577700,1,-0.152000,0
2025-09-29,6.5600000000,6.5700000000,6.5000000000,6.5400000000,6.5700000000,19937364,130078951.4000,2,2.321600,1,-0.456600,0
2025-09-30,6.5400000000,6.5500000000,6.5200000000,6.5500000000,6.5400000000,11967202,78269957.6700,2,1.393500,1,0.152900,0
2025-10-09,6.5500000000,6.6000000000,6.5400000000,6.6000000000,6.5500000000,16129072,105994967.2700,2,1.878200,1,0.763400,0
2025-10-10,6.6000000000,6.6200000000,6.5700000000,6.6000000000,6.6000000000,14970931,98800292.9800,2,1.743300,1,0.000000,0
2025-10-13,6.5100000000,6.5500000000,6.4700000000,6.5500000000,6.6000000000,16430203,107125292.4600,2,1.913200,1,-0.757600,0
2025-10-14,6.5700000000,6.5900000000,6.5300000000,6.5500000000,6.5500000000,16649381,109175124.1500,2,1.938800,1,0.000000,0
2025-10-15,6.5500000000,6.6200000000,6.5200000000,6.6200000000,6.5500000000,22139572,145616766.1600,2,2.578100,1,1.068700,0
2025-10-16,6.6000000000,6.6000000000,6.5500000000,6.5500000000,6.6200000000,14931289,98150828.6200,2,1.738700,1,-1.057400,0
2025-10-17,6.5500000000,6.5700000000,6.4700000000,6.4800000000,6.5500000000,19692239,128365970.1000,2,2.293100,1,-1.068700,0
2025-10-20,6.4900000000,6.5200000000,6.4900000000,6.5100000000,6.4800000000,10655357,69258112.7900,2,1.240800,1,0.463000,0
2025-10-21,6.5000000000,6.5500000000,6.5000000000,6.5400000000,6.5100000000,11641714,76007640.2700,2,1.355600,1,0.460800,0
2025-10-22,6.5200000000,6.5600000000,6.5200000000,6.5500000000,6.5400000000,9470703,61966731.8600,2,1.102800,1,0.152900,0
2025-10-23,6.5400000000,6.6300000000,6.5100000000,6.6100000000,6.5500000000,27222296,178995567.2600,2,3.169900,1,0.916000,0
2025-10-24,6.6100000000,6.6100000000,6.5600000000,6.5700000000,6.6100000000,13677900,89986136.0000,2,1.592700,1,-0.605100,0
2025-10-27,6.5900000000,6.6000000000,6.5700000000,6.5900000000,6.5700000000,14011500,92312737.6800,2,1.631600,1,0.304400,0
2025-10-28,6.6000000000,6.6200000000,6.5800000000,6.5900000000,6.5900000000,14879323,98158046.3400,2,1.732600,1,0.000000,0
2025-10-29,6.5900000000,6.5900000000,6.5400000000,6.5800000000,6.5900000000,13791178,90470115.4600,2,1.605900,1,-0.151700,0
2025-10-30,6.5700000000,6.6000000000,6.5400000000,6.5400000000,6.5800000000,16107692,105756594.4400,2,1.875700,1,-0.607900,0
2025-10-31,6.5400000000,6.5700000000,6.5300000000,6.5600000000,6.5400000000,13470505,88269417.4000,2,1.568600,1,0.305800,0
2025-11-03,6.5600000000,6.5700000000,6.5400000000,6.5700000000,6.5600000000,13041069,85476441.5100,2,1.518600,1,0.152400,0
2025-11-04,6.5600000000,6.5700000000,6.5100000000,6.5400000000,6.5700000000,14874000,97310799.0000,2,1.732000,1,-0.456600,0
2025-11-05,6.5100000000,6.5400000000,6.5000000000,6.5400000000,6.5400000000,13867496,90527733.9200,2,1.614800,1,0.000000,0
2025-11-06,6.5300000000,6.5400000000,6.5200000000,6.5400000000,6.5400000000,12115470,79137763.0500,2,1.410800,1,0.000000,0
2025-11-07,6.5300000000,6.5500000000,6.5300000000,6.5300000000,6.5400000000,13363955,87358079.6700,2,1.556200,1,-0.152900,0
2025-11-10,6.5200000000,6.5800000000,6.5100000000,6.5700000000,6.5300000000,20365560,133526583.4800,2,2.371500,1,0.612600,0
2025-11-11,6.5700000000,6.5900000000,6.5600000000,6.5900000000,6.5700000000,17911723,117815187.8800,2,2.085800,1,0.304400,0
2025-11-12,6.5800000000,6.6000000000,6.5500000000,6.5600000000,6.5900000000,14095200,92663488.0200,2,1.641300,1,-0.455200,0
2025-11-13,6.5600000000,6.5800000000,6.5300000000,6.5800000000,6.5600000000,15383316,100851903.4700,2,1.791300,1,0.304900,0
2025-11-14,6.5700000000,6.6100000000,6.5600000000,6.5800000000,6.5800000000,19175065,126366929.4200,2,2.232900,1,0.000000,0
2025-11-17,6.5800000000,6.5900000000,6.5400000000,6.5800000000,6.5800000000,13253355,86977101.1800,2,1.543300,1,0.000000,0
2025-11-18,6.5700000000,6.5800000000,6.5100000000,6.5300000000,6.5800000000,15897060,103944061.1600,2,1.851200,1,-0.759900,0
2025-11-19,6.5200000000,6.5400000000,6.4700000000,6.4900000000,6.5300000000,15728964,102157034.7200,2,1.831600,1,-0.612600,0
2025-11-20,6.4900000000,6.5000000000,6.4700000000,6.4800000000,6.4900000000,9906858,64236152.7000,2,1.153600,1,-0.154100,0
2025-11-21,6.4500000000,6.4600000000,6.2800000000,6.3100000000,6.4800000000,30314512,192510040.2200,2,3.530000,1,-2.623500,0
2025-11-24,6.3000000000,6.3300000000,6.2700000000,6.3200000000,6.3100000000,15629995,98409200.3500,2,1.820100,1,0.158500,0
2025-11-25,6.3300000000,6.3500000000,6.3000000000,6.3200000000,6.3200000000,9824033,62165470.1300,2,1.144000,1,0.000000,0
2025-11-26,6.3300000000,6.3400000000,6.2800000000,6.2800000000,6.3200000000,12049883,75956787.2400,2,1.403200,1,-0.632900,0
2025-11-27,6.2900000000,6.3000000000,6.2600000000,6.2800000000,6.2800000000,9466153,59466069.3700,2,1.102300,1,0.000000,0
2025-11-28,6.2800000000,6.3000000000,6.2500000000,6.2900000000,6.2800000000,10247253,64272783.2500,2,1.193300,1,0.159200,0
2025-12-01,6.3200000000,6.3500000000,6.3000000000,6.3400000000,6.2900000000,12958654,82069888.2900,2,1.509000,1,0.794900,0
2025-12-02,6.3400000000,6.3500000000,6.3000000000,6.3100000000,6.3400000000,6626250,41854220.5000,2,0.771600,1,-0.473200,0
2025-12-03,6.3300000000,6.3300000000,6.2900000000,6.3200000000,6.3100000000,9249034,58338870.3400,2,1.077000,1,0.158500,0
2025-12-04,6.3000000000,6.3200000000,6.2600000000,6.2700000000,6.3200000000,12467544,78201987.7400,2,1.451800,1,-0.791100,0
2025-12-05,6.2700000000,6.2800000000,6.2100000000,6.2800000000,6.2700000000,16123413,100637147.9400,2,1.877500,1,0.159500,0
2025-12-08,6.2800000000,6.2900000000,6.2700000000,6.2900000000,6.2800000000,9879802,62055570.5800,2,1.150500,1,0.159200,0
2025-12-09,6.2800000000,6.2800000000,6.2200000000,6.2300000000,6.2900000000,10779200,67283708.0000,2,1.255200,1,-0.953900,0
2025-12-10,6.2200000000,6.2300000000,6.1800000000,6.2200000000,6.2300000000,12962262,80358719.6800,2,1.509400,1,-0.160500,0
2025-12-11,6.2200000000,6.2200000000,6.1600000000,6.1600000000,6.2200000000,11902229,73526892.9300,2,1.386000,1,-0.964600,0
2025-12-12,6.1700000000,6.1900000000,6.1600000000,6.1600000000,6.1600000000,11594808,71589247.1800,2,1.350200,1,0.000000,0
2025-12-15,6.1700000000,6.3200000000,6.1600000000,6.2500000000,6.1600000000,19180395,119893028.2400,2,2.233500,1,1.461000,0
2025-12-16,6.2600000000,6.2700000000,6.1700000000,6.1900000000,6.2500000000,11831586,73292120.4800,2,1.377700,1,-0.960000,0
2025-12-17,6.1900000000,6.1900000000,6.1200000000,6.1900000000,6.1900000000,13709420,84417688.7500,2,1.596400,1,0.000000,0
2025-12-18,6.1700000000,6.2500000000,6.1500000000,6.2300000000,6.1900000000,15264045,94995153.5200,2,1.777400,1,0.646200,0
2025-12-19,6.2300000000,6.2800000000,6.2100000000,6.2800000000,6.2300000000,13715376,85726131.4700,2,1.597100,1,0.802600,0
2025-12-22,6.2700000000,6.2700000000,6.2300000000,6.2400000000,6.2800000000,9199416,57486174.4400,2,1.071200,1,-0.636900,0
2025-12-23,6.2400000000,6.2500000000,6.1900000000,6.2000000000,6.2400000000,8128186,50463027.2000,2,0.946500,1,-0.641000,0
2025-12-24,6.2000000000,6.2100000000,6.1800000000,6.2000000000,6.2000000000,6462592,40047831.8000,2,0.752500,1,0.000000,0
2025-12-25,6.2000000000,6.2300000000,6.1900000000,6.2100000000,6.2000000000,9360105,58159135.9500,2,1.089900,1,0.161300,0
2025-12-26,6.2000000000,6.2200000000,6.1700000000,6.1800000000,6.2100000000,10495591,64964454.6800,2,1.222200,1,-0.483100,0
2025-12-29,6.1800000000,6.1800000000,6.1400000000,6.1500000000,6.1800000000,12837444,79002896.1600,2,1.494900,1,-0.485400,0
2025-12-30,6.1300000000,6.1500000000,6.0000000000,6.0200000000,6.1500000000,41301684,250688754.7600,2,2.718400,1,-2.113800,0
2025-12-31,6.0300000000,6.0400000000,5.9000000000,5.9200000000,6.0200000000,28211065,167576141.0400,2,1.856800,1,-1.661100,0
2026-01-05,5.9200000000,5.9700000000,5.9000000000,5.9600000000,5.9200000000,24998081,148466443.8400,2,1.645300,1,0.675700,0
2026-01-06,5.9600000000,5.9900000000,5.9500000000,5.9900000000,5.9600000000,28109566,167962273.8900,2,1.850100,1,0.503400,0
2026-01-07,5.9900000000,5.9900000000,5.9300000000,5.9500000000,5.9900000000,23272610,138483986.8700,2,1.531700,1,-0.667800,0
2026-01-08,5.9400000000,5.9800000000,5.9200000000,5.9700000000,5.9500000000,23626925,140624121.8500,2,1.555100,1,0.336100,0
2026-01-09,5.9600000000,5.9800000000,5.9500000000,5.9700000000,5.9700000000,23748250,141644861.0200,2,1.563000,1,0.000000,0
2026-01-12,5.9700000000,6.0800000000,5.9600000000,6.0700000000,5.9700000000,45077793,272476945.0700,2,2.966900,1,1.675000,0
2026-01-13,6.0700000000,6.0700000000,6.0100000000,6.0200000000,6.0700000000,36089857,217799446.3900,2,2.375300,1,-0.823700,0
2026-01-14,6.0300000000,6.0500000000,5.9800000000,5.9900000000,6.0200000000,39814695,239582452.0900,2,2.620500,1,-0.498300,0
2026-01-15,5.9700000000,6.0000000000,5.9500000000,5.9500000000,5.9900000000,23047794,137523534.5800,2,1.516900,1,-0.667800,0
2026-01-16,5.9600000000,5.9700000000,5.9200000000,5.9400000000,5.9500000000,20585706,122311635.5800,2,1.354900,1,-0.168100,0
2026-01-19,5.9300000000,5.9700000000,5.9100000000,5.9600000000,5.9400000000,17946888,106699778.5700,2,1.181200,1,0.336700,0
2026-01-20,5.9700000000,6.0800000000,5.9500000000,6.0400000000,5.9600000000,40394317,243861310.4300,2,2.658700,1,1.342300,0
2026-01-21,6.0200000000,6.0300000000,5.9900000000,6.0100000000,6.0400000000,22836891,137195341.0000,2,1.503100,1,-0.496700,0
2026-01-22,6.0200000000,6.0400000000,6.0000000000,6.0400000000,6.0100000000,18451560,111180944.7600,2,1.214400,1,0.499200,0
2026-01-23,6.0400000000,6.0500000000,6.0100000000,6.0400000000,6.0400000000,23905127,144103062.8000,2,1.573400,1,0.000000,0
