date,open,high,low,close,preclose,volume,amount,adjustflag,turn,tradestatus,pctChg,isST,vwap
2022-12-16,22.17073826,24.0465703,21.951226,22.95898683,21.93127034,72762363,1644212196.14,2,60.8153,1,4.6861,0,22.59701
2022-12-19,22.01109298,22.01109298,20.3547732,20.50444065,22.95898683,30289013,637163979.54,2,25.3158,1,-10.691,0,21.03614
2022-12-20,20.2549949,21.13304394,20.1552166,20.56430763,20.50444065,16839892,347890717.32,2,14.0749,1,0.292,0,20.65873
2022-12-21,20.31486188,21.13304394,20.31486188,20.7538864,20.56430763,14819783,307899390.33,2,12.3865,1,0.9219,0,20.77624
2022-12-22,20.88359819,20.92350951,19.1574336,19.1574336,20.7538864,20735189,410294027.62,2,17.3306,1,-7.6923,0,19.78733
2022-12-23,18.76829823,19.13747794,18.14967277,18.16962843,19.1574336,15444733,287041798.1,2,12.9088,1,-5.1563,0,18.58509
2022-12-26,18.1596506,19.52661331,18.01996098,19.2572119,18.16962843,18211302,345052109.2,2,15.2211,1,5.9857,0,18.94714
2022-12-27,19.02772181,20.4545515,18.98781049,20.17517226,19.2572119,17218378,342974176.66,2,14.3912,1,4.7668,0,19.91908
2022-12-28,20.0554383,20.32483971,19.7561034,19.93570434,20.17517226,9470051,190191347.5,2,7.9151,1,-1.1869,0,20.08346
2022-12-29,20.06541613,20.17517226,19.30710105,19.3569902,19.93570434,8187712,161776568.16,2,6.8433,1,-2.9029,0,19.75846
2022-12-30,19.48670199,19.6563251,18.77827606,18.93792134,19.3569902,8579525,164161438.09,2,7.1708,1,-2.1649,0,19.13409
2023-01-03,18.7583204,19.83592604,18.67849776,19.71619208,18.93792134,10569844,204804371.23,2,8.8344,1,4.1096,0,19.37629
2023-01-04,19.81597038,20.12528311,19.06763313,19.16741143,19.71619208,9851961,192119711.66,2,8.2343,1,-2.7834,0,19.50066
2023-01-05,19.22727841,19.54656897,19.01774398,19.32705671,19.16741143,6707827,129952482.92,2,5.6065,1,0.8329,0,19.37326
2023-01-06,19.32705671,19.53659114,19.13747794,19.13747794,19.32705671,6811480,131828637.17,2,5.6931,1,-0.9809,0,19.35389
2023-01-09,19.26718973,19.56652463,19.11752228,19.17738926,19.13747794,6151311,119209739.07,2,5.1413,1,0.2086,0,19.37957
2023-01-10,19.13747794,19.90577085,19.11752228,19.57650246,19.17738926,10371279,203752498.45,2,8.6684,1,2.0812,0,19.64584
2023-01-11,19.48670199,19.83592604,19.13747794,19.16741143,19.57650246,8918808,173796787.33,2,7.4544,1,-2.0897,0,19.48655
2023-01-12,19.16741143,19.50665765,18.7583204,19.29712322,19.16741143,8462910,162277226.61,2,7.0734,1,0.6767,0,19.17511
2023-01-13,19.2572119,19.62639161,19.20732275,19.33703454,19.29712322,5429693,105602326.25,2,4.5382,1,0.2068,0,19.44904
2023-01-16,19.2572119,20.03548264,19.24723407,19.83592604,19.33703454,9333683,184969353.47,2,7.8012,1,2.58,0,19.8174
2023-01-17,19.95566,20.58426329,19.86585953,20.0554383,19.83592604,9732536,197500765.09,2,8.1345,1,1.1066,0,20.29284
2023-01-18,19.92572651,22.44013967,19.92572651,21.48226799,20.0554383,20158525,431487302.22,2,16.8486,1,7.1144,0,21.40471
2023-01-19,21.42240101,21.93127034,21.16297743,21.60200195,21.48226799,12128353,262309058.66,2,10.137,1,0.5574,0,21.62776
2023-01-20,21.54213497,21.70178025,21.02328781,21.21286658,21.60200195,9939124,211491822.62,2,8.3072,1,-1.8014,0,21.27872
2023-01-30,21.60200195,21.6518911,20.92350951,21.0532213,21.21286658,10462458,221975069.58,2,8.7446,1,-0.7526,0,21.21634
2023-01-31,21.08315479,21.33260054,20.60421895,20.69401942,21.0532213,8243964,172436337.9,2,6.8904,1,-1.7062,0,20.91668
2023-02-01,20.83370904,21.33260054,20.79379772,21.10311045,20.69401942,8168816,172660486.31,2,6.8276,1,1.9769,0,21.13654
2023-02-02,21.21286658,24.32594954,21.11308828,23.4479005,21.10311045,29668979,676341872.2,2,24.7976,1,11.1111,0,22.79626
2023-02-03,23.13858777,23.89690285,22.88914202,23.1485656,23.4479005,14913701,348870490.66,2,12.465,1,-1.2766,0,23.39262
2023-02-06,23.1485656,23.6474571,22.31042788,22.50998448,23.1485656,12869257,295773534.96,2,10.7562,1,-2.7586,0,22.98295
2023-02-07,22.62971844,23.05876513,22.3503392,22.69956325,22.50998448,9848944,223687374.68,2,8.2318,1,0.8422,0,22.71181
2023-02-08,22.79934155,23.2483439,22.16076043,22.16076043,22.69956325,9625801,217554748.3,2,8.0453,1,-2.3736,0,22.60121
2023-02-09,22.28049439,23.10865428,21.951226,23.07872079,22.16076043,12291616,279490045.32,2,10.2734,1,4.1423,0,22.73827
2023-02-10,22.90909768,23.39801135,22.51996231,22.6496741,23.07872079,10663652,244285462.28,2,8.9128,1,-1.8591,0,22.90824
2023-02-13,22.98892032,23.69734625,22.96896466,23.07872079,22.6496741,10678454,249288312.37,2,8.9251,1,1.8943,0,23.34498
2023-02-14,23.09867645,23.40798918,22.55987363,22.73947457,23.07872079,9249872,212012710.76,2,7.7311,1,-1.47,0,22.92061
2023-02-15,22.72949674,22.86918636,22.39025052,22.48005099,22.73947457,7799821,176070873.1,2,6.5191,1,-1.1409,0,22.57371
2023-02-16,22.5498958,23.02883164,21.82151421,21.97118166,22.48005099,12181091,273131390.57,2,10.181,1,-2.2636,0,22.42257
2023-02-17,22.07095996,22.17073826,21.34257837,21.34257837,21.97118166,7699257,167622633.37,2,6.4351,1,-2.861,0,21.77127
2023-02-20,21.33260054,21.80155855,21.2527779,21.69180242,21.34257837,5788833,124698239.31,2,4.8383,1,1.6363,0,21.54117
2023-02-21,21.6518911,21.82151421,21.23282224,21.48226799,21.69180242,5510111,118678326.65,2,4.6054,1,-0.966,0,21.53828
2023-02-22,21.37251186,21.84146987,21.23282224,21.54213497,21.48226799,4568161,98501136.06,2,3.8181,1,0.2787,0,21.56254
2023-02-23,21.52217931,21.78160289,21.40244535,21.67184676,21.54213497,4009608,86869545.43,2,3.3513,1,0.6021,0,21.66535
2023-02-24,21.7516694,22.04102647,21.48226799,21.61197978,21.67184676,4996948,108830715.2,2,4.1765,1,-0.2762,0,21.77944
2023-02-27,21.1529996,21.20288875,20.42461801,20.43459584,21.61197978,8354780,173081713.65,2,6.983,1,-5.4478,0,20.71649
2023-02-28,20.41464018,20.74390857,20.36475103,20.61419678,20.43459584,3140442,64670092.22,2,2.6248,1,0.8789,0,20.59267
2023-03-01,20.62417461,20.80377555,20.47450716,20.71397508,20.61419678,4134174,85617470.57,2,3.4554,1,0.484,0,20.70969
2023-03-02,20.7538864,21.09313262,20.63415244,20.6541081,20.71397508,4736894,98743098.49,2,3.9591,1,-0.289,0,20.84554
2023-03-03,21.00333215,21.59202412,21.00333215,21.31264488,20.6541081,8772673,187269196.83,2,7.3323,1,3.1884,0,21.34688
2023-03-06,21.21286658,21.70178025,21.17295526,21.63193544,21.31264488,6074639,130889806.81,2,5.0772,1,1.4981,0,21.54693
2023-03-07,21.77162506,21.77162506,20.72395291,20.77384206,21.63193544,5446793,115715479.44,2,4.5525,1,-3.9668,0,21.2447
2023-03-08,20.46452933,21.4523345,20.46452933,21.40244535,20.77384206,5546325,117501041.49,2,4.6357,1,3.0259,0,21.18539
2023-03-09,21.33260054,21.951226,21.29268922,21.66186893,21.40244535,7963564,173353949.54,2,6.656,1,1.2121,0,21.76839
2023-03-10,21.48226799,22.46009533,21.4523345,22.13082694,21.66186893,12896669,285819626.08,2,10.7791,1,2.1649,0,22.16228
2023-03-13,22.24058307,22.41020618,21.71175808,22.03104864,22.13082694,7636834,168045508.14,2,6.3829,1,-0.4509,0,22.0046
2023-03-14,21.90133685,22.77938589,21.63193544,22.53991797,22.03104864,12477143,279708178.86,2,10.4285,1,2.3098,0,22.41765
2023-03-15,22.47007316,23.60754578,22.40022835,22.85920853,22.53991797,15710179,363731043.26,2,13.1307,1,1.4166,0,23.15257
2023-03-16,22.83925287,23.27827739,22.49002882,22.52994014,22.85920853,10296844,235824416.43,2,8.6062,1,-1.4404,0,22.90259
2023-03-17,22.81929721,23.16852126,22.48005099,22.7494524,22.52994014,9216804,210573039.27,2,7.7035,1,0.9743,0,22.84664
2023-03-20,23.02883164,23.4479005,22.7494524,22.87916419,22.7494524,9912183,229114458.43,2,8.2847,1,0.5702,0,23.11443
2023-03-21,22.91907551,23.32816654,22.52994014,22.97894249,22.87916419,9644006,220692476.61,2,8.0605,1,0.4361,0,22.8839
2023-03-22,23.01885381,23.01885381,22.6496741,22.81929721,22.97894249,6194201,141534624.09,2,5.1772,1,-0.6947,0,22.84954
2023-03-23,22.7494524,23.98670332,22.69956325,23.72727974,22.81929721,16198670,379130747.64,2,13.539,1,3.979,0,23.40505
2023-03-24,23.6474571,24.1463486,23.01885381,23.12860994,23.72727974,12532183,294331656.52,2,10.4745,1,-2.5231,0,23.48606
2023-03-27,22.949009,23.27827739,22.4501175,22.69956325,23.12860994,8862495,202513145.32,2,7.4073,1,-1.855,0,22.85058
2023-03-28,22.6496741,22.75943023,21.97118166,22.07095996,22.69956325,7137746,159250516.44,2,5.9658,1,-2.7692,0,22.31104
2023-03-29,22.18071609,23.1485656,21.78160289,22.6496741,22.07095996,11911490,269051241.33,2,9.9557,1,2.6221,0,22.58754
2023-03-30,22.62971844,23.4479005,22.5498958,22.82927504,22.6496741,9639206,221515996.81,2,8.0565,1,0.793,0,22.98073
2023-03-31,22.949009,23.19845475,22.57982929,23.02883164,22.82927504,7632001,175377866.88,2,6.3789,1,0.8741,0,22.97928
2023-04-03,23.30821088,24.03659247,23.1485656,23.89690285,23.02883164,14980634,355065235.32,2,12.5209,1,3.7695,0,23.70162
2023-04-04,23.8470137,24.73504057,23.7472354,24.3459052,23.89690285,17961056,438186027.74,2,15.012,1,1.8789,0,24.39645
2023-04-06,24.16630426,26.80045138,24.09645945,25.73282357,24.3459052,23279383,601855796.55,2,19.4571,1,5.6967,0,25.8536
2023-04-07,25.88249102,26.73060657,25.51331131,26.62085044,25.73282357,19662217,514193115.57,2,16.4338,1,3.4509,0,26.15133
2023-04-10,26.62085044,28.09756928,25.78271272,26.02218064,26.62085044,21618822,581346536.28,2,18.0692,1,-2.2489,0,26.89076
2023-04-11,25.97229149,28.1374806,25.97229149,27.41907684,26.02218064,21285256,579566437.44,2,17.7904,1,5.3681,0,27.22854
2023-04-12,27.0399193,27.41907684,26.66076176,27.32927637,27.41907684,15268461,414404811.96,2,12.7615,1,-0.3275,0,27.14123
2023-04-13,27.0399193,27.09978628,25.7428014,25.79269055,27.32927637,16970977,446711169.4,2,14.1845,1,-5.6225,0,26.32207
2023-04-14,26.08204762,29.31486454,25.46342216,28.67628342,25.79269055,23631854,646994105.81,2,19.7517,1,11.1799,0,27.37805
2023-04-17,29.22506407,30.48227065,28.4368155,29.0354853,28.67628342,22822016,670871200.43,2,19.0748,1,1.2526,0,29.39579
2023-04-18,28.61641644,28.935707,27.59867778,28.40688201,29.0354853,14073352,397798112.55,2,11.7626,1,-2.1649,0,28.26605
2023-04-19,28.20732541,29.06541879,27.8381457,27.94790183,28.40688201,12443249,354106715.78,2,10.4002,1,-1.6157,0,28.45774
2023-04-20,27.97783532,28.90577351,27.8381457,28.58648295,27.94790183,13211694,375846327.48,2,11.0424,1,2.2849,0,28.448
2023-04-21,28.51663814,29.5343768,26.95011883,27.24945373,28.58648295,18556212,523827696.57,2,15.5094,1,-4.6771,0,28.22924
2023-04-24,27.5388108,27.7383674,25.942358,26.26164856,27.24945373,14338059,380878239.64,2,11.9839,1,-3.625,0,26.56414
2023-04-25,26.2416929,26.39136035,25.01441981,25.17406509,26.26164856,11490644,294633628.94,2,9.604,1,-4.1413,0,25.64118
2023-04-26,24.47561699,25.1441316,23.5476788,24.41575001,25.17406509,14850993,360623046.74,2,12.4126,1,-3.0123,0,24.28276
2023-04-27,24.23614907,25.31375471,23.946792,24.2461269,24.41575001,7127489,175784824.7,2,5.9572,1,-0.6947,0,24.66294
2023-04-28,24.2461269,24.90466368,23.946792,24.38581652,24.2461269,7978208,194687139.57,2,6.6682,1,0.5761,0,24.40236
2023-05-04,23.91685851,24.13637077,22.6496741,22.76940806,24.38581652,10922606,253049367.72,2,9.1292,1,-6.6285,0,23.16749
2023-05-05,22.87916419,23.42794484,22.5498958,22.76940806,22.76940806,6408087,147347536.49,2,5.3559,1,0.0,0,22.994
2023-05-08,22.69956325,23.26829956,22.59978495,22.8492307,22.76940806,6050180,138934429.0,2,5.0568,1,0.3506,0,22.96369
2023-05-09,22.75943023,23.09867645,22.4501175,22.4501175,22.8492307,6778846,154372520.37,2,5.6658,1,-1.7467,0,22.77268
2023-05-10,22.21064958,22.57982929,21.7516694,22.06098213,22.4501175,5660491,125068551.17,2,4.7311,1,-1.7333,0,22.095
2023-05-11,22.26053873,22.53991797,22.16076043,22.33038354,22.06098213,4945046,110648118.3,2,4.1331,1,1.2212,0,22.37555
2023-05-12,22.32040571,22.90909768,22.1507826,22.20067175,22.33038354,5692317,128392701.1,2,4.7577,1,-0.5809,0,22.55544
2023-05-15,22.20067175,22.40022835,21.54213497,21.91131468,22.20067175,5352420,117371220.77,2,4.4736,1,-1.3034,0,21.92863
2023-05-16,21.96120383,22.48005099,21.29268922,22.1507826,21.91131468,7053911,154644395.61,2,5.8957,1,1.0929,0,21.92321
2023-05-17,21.96120383,22.71951891,21.951226,22.5498958,22.1507826,5442852,122386657.13,2,4.5492,1,1.8018,0,22.48576
2023-05-18,22.56985146,22.81929721,22.29047222,22.73947457,22.5498958,5159305,116957102.64,2,4.3122,1,0.8407,0,22.66916
2023-05-19,22.67960759,23.38803352,22.66962976,23.17849909,22.73947457,6874876,159066751.45,2,5.7461,1,1.9307,0,23.1374
2023-05-22,23.4479005,23.49778965,22.8492307,23.12860994,23.17849909,5231287,121165654.94,2,4.3723,1,-0.2152,0,23.16173
2023-05-23,23.03880947,23.10865428,22.50000665,22.50000665,23.12860994,4147667,94390083.02,2,3.4667,1,-2.7179,0,22.75739
2023-05-24,22.4501175,23.07872079,22.37029486,22.59978495,22.50000665,4597709,104621218.2,2,3.8428,1,0.4435,0,22.75508
2023-05-25,22.56985146,22.89911985,21.98115949,22.63969627,22.59978495,4138971,93091101.72,2,3.4594,1,0.1766,0,22.49136
2023-05-26,22.66962976,23.03880947,22.55987363,22.89911985,22.63969627,4518136,103476867.25,2,3.7763,1,1.1459,0,22.90256
2023-05-29,22.99889815,23.37805569,22.82927504,23.25832173,22.89911985,4921275,114144117.91,2,4.1132,1,1.5686,0,23.19401
2023-05-30,23.27827739,23.4479005,22.82927504,23.13858777,23.25832173,4565444,105671422.22,2,3.8158,1,-0.5148,0,23.14592
2023-05-31,23.07872079,23.61752361,23.07872079,23.59756795,23.13858777,5639705,132449773.19,2,4.7137,1,1.9836,0,23.48523
2023-06-01,23.38803352,23.77716889,23.2483439,23.41796701,23.59756795,4974199,117112833.54,2,4.1575,1,-0.7611,0,23.54406
2023-06-02,23.55765663,23.70732408,23.10865428,23.43792267,23.41796701,4039965,94459112.66,2,3.3766,1,0.0852,0,23.38117
2023-06-05,23.4479005,23.91685851,23.40798918,23.40798918,23.43792267,4405512,104355443.84,2,3.6822,1,-0.1277,0,23.68747
2023-06-06,23.28825522,23.28825522,22.22062741,22.27051656,23.40798918,6107545,138917368.52,2,5.1047,1,-4.8593,0,22.74521
2023-06-07,22.28049439,22.55987363,22.0510043,22.12084911,22.27051656,3601380,80424162.74,2,3.0101,1,-0.672,0,22.33148
2023-06-08,22.11087128,22.12084911,21.1529996,21.21286658,22.12084911,5953024,128103224.49,2,4.9756,1,-4.1046,0,21.51902
2023-06-09,21.11308828,21.42240101,20.77384206,21.42240101,21.21286658,4740358,100096588.78,2,3.962,1,0.9878,0,21.11583
2023-06-12,21.20288875,21.50222365,21.0532213,21.09313262,21.42240101,4017789,85574512.25,2,3.3581,1,-1.537,0,21.29891
2023-06-13,21.16297743,22.06098213,20.99335432,22.00111515,21.09313262,5523802,119850306.09,2,4.6168,1,4.3046,0,21.69707
2023-06-14,22.10089345,24.79490755,22.10089345,24.52550614,22.00111515,19073316,449631621.61,2,15.9416,1,11.4739,0,23.57386
2023-06-15,24.32594954,25.23393207,23.73725757,23.77716889,24.52550614,13849719,339342473.31,2,11.5757,1,-3.0513,0,24.50176
2023-06-16,23.75721323,25.1441316,23.2483439,24.72506274,23.77716889,13998218,340548222.07,2,11.118,1,3.9866,0,24.32797
2023-06-19,25.73282357,27.30932071,25.15410943,26.6408061,24.72506274,22379540,589297644.84,2,17.7748,1,7.7482,0,26.33198
2023-06-20,26.42129384,26.90022968,25.68293442,26.31153771,26.6408061,14261185,373937170.46,2,11.3269,1,-1.236,0,26.22062
2023-06-21,26.06209196,26.50111648,25.3436882,25.43348867,26.31153771,9508927,244837851.92,2,7.5524,1,-3.3371,0,25.74821
2023-06-26,25.13415377,25.28382122,24.13637077,24.19623775,25.43348867,7235640,178446772.1,2,5.7469,1,-4.8647,0,24.6622
2023-06-27,24.19623775,24.47561699,23.73725757,23.946792,24.19623775,4983744,119509355.15,2,3.9583,1,-1.0309,0,23.97983
2023-06-28,24.11641511,24.43570567,22.37029486,23.6474571,23.946792,8591923,201526463.54,2,6.8241,1,-1.25,0,23.45534
2023-06-29,23.51774531,24.20621558,23.4479005,23.68736842,23.6474571,4502042,107432949.42,2,3.5757,1,0.1688,0,23.86316
2023-06-30,23.6474571,24.00665898,22.99889815,23.72727974,23.68736842,6940649,164330163.88,2,5.5126,1,0.1685,0,23.67648
2023-07-03,23.60754578,23.89690285,23.1485656,23.29823305,23.72727974,4413299,103474989.98,2,3.5052,1,-1.8082,0,23.44618
2023-07-04,23.40798918,24.30599388,23.25832173,24.02661464,23.29823305,6813529,162625032.25,2,5.4116,1,3.1263,0,23.86796
2023-07-05,24.09645945,24.11641511,23.41796701,23.52772314,24.02661464,5073774,120753029.01,2,4.0298,1,-2.0764,0,23.79945
2023-07-06,23.39801135,23.71730191,22.98892032,23.03880947,23.52772314,5778239,134679264.56,2,4.5893,1,-2.078,0,23.30801
2023-07-07,22.90909768,23.12860994,22.38027269,22.63969627,23.03880947,5695811,129603397.04,2,4.5239,1,-1.7324,0,22.75416
2023-07-10,22.6496741,22.83925287,22.41020618,22.57982929,22.63969627,2711395,61396869.94,2,2.1535,1,-0.2644,0,22.64402
2023-07-11,22.59978495,23.29823305,22.44013967,23.07872079,22.57982929,4332082,99787197.35,2,3.4407,1,2.2095,0,23.03447
2023-07-12,22.99889815,23.17849909,22.5498958,22.55987363,23.07872079,3204835,73313589.48,2,2.5454,1,-2.2482,0,22.87593
2023-07-13,22.73947457,23.63747927,22.56985146,23.42794484,22.55987363,5900661,137442037.42,2,4.6866,1,3.8479,0,23.29265
2023-07-14,23.60754578,23.79712455,23.17849909,23.21841041,23.42794484,4357886,102531943.43,2,3.4612,1,-0.8944,0,23.52791
2023-07-17,23.31818871,23.35810003,22.27051656,22.53991797,23.21841041,8257807,187219091.4,2,6.5587,1,-2.9222,0,22.67177
2023-07-18,22.5498958,23.02883164,22.38027269,22.51996231,22.53991797,4800889,109412940.36,2,3.8131,1,-0.0885,0,22.79014
2023-07-19,22.3503392,22.71951891,22.28049439,22.38027269,22.51996231,2728122,61275491.31,2,2.1668,1,-0.6203,0,22.46069
2023-07-20,22.40022835,22.50000665,21.951226,22.07095996,22.38027269,3042282,67497419.11,2,2.4163,1,-1.3821,0,22.18644
2023-07-21,21.94124817,22.28049439,21.7516694,21.92129251,22.07095996,2546462,56080947.6,2,2.0225,1,-0.6781,0,22.02308
2023-07-24,21.8514477,22.04102647,21.69180242,21.8514477,21.92129251,1791497,39304352.86,2,1.4229,1,-0.3186,0,21.93939
2023-07-25,22.10089345,22.43016184,22.07095996,22.28049439,21.8514477,2450663,54634232.94,2,1.9464,1,1.9635,0,22.29365
2023-07-26,22.39025052,22.42018401,21.87140336,21.94124817,22.28049439,2245580,49827774.33,2,1.7835,1,-1.5226,0,22.18927
2023-07-27,21.94124817,22.12084911,21.68182459,21.69180242,21.94124817,2246158,49329221.58,2,1.784,1,-1.1369,0,21.9616
2023-07-28,21.66186893,22.07095996,21.5521128,21.99113732,21.69180242,2125210,46539383.06,2,1.6879,1,1.3799,0,21.89872
2023-07-31,21.88138119,22.30045005,21.70178025,21.79158072,21.99113732,3758120,82726164.91,2,2.9849,1,-0.9074,0,22.01265
2023-08-01,21.79158072,22.01109298,21.76164723,21.91131468,21.79158072,1787092,39192206.16,2,1.4194,1,0.5495,0,21.93072
2023-08-02,21.80155855,22.08093779,21.74169157,22.02107081,21.91131468,2072959,45573897.46,2,1.6464,1,0.5009,0,21.98495
2023-08-03,21.951226,22.13082694,21.81153638,21.8514477,22.02107081,1776730,39055706.67,2,1.4112,1,-0.7703,0,21.98179
2023-08-04,21.8514477,22.13082694,21.8514477,21.96120383,21.8514477,2409836,53132416.75,2,1.914,1,0.5023,0,22.04815
2023-08-07,22.00111515,22.00111515,21.64191327,21.6518911,21.96120383,2376996,51858125.0,2,1.8879,1,-1.4085,0,21.81666
2023-08-08,21.66186893,21.84146987,21.34257837,21.3525562,21.6518911,1981699,42812599.42,2,1.574,1,-1.3825,0,21.60399
2023-08-09,21.41242318,21.46231233,21.11308828,21.14302177,21.3525562,2024228,43079971.89,2,1.6077,1,-0.9813,0,21.28217
2023-08-10,21.20288875,21.49224582,21.1529996,21.34257837,21.14302177,1326534,28332554.34,2,1.0536,1,0.9438,0,21.35833
2023-08-11,21.43237884,21.43237884,20.86364253,21.20288875,21.34257837,2132686,45182612.53,2,1.6939,1,-0.6545,0,21.18578
2023-08-14,21.0532213,21.0532213,20.6541081,20.87362036,21.20288875,2343102,48881936.58,2,1.861,1,-1.5529,0,20.86206
2023-08-15,20.83370904,20.93348734,19.50665765,19.96563783,20.87362036,5803576,116820443.19,2,4.6095,1,-4.3499,0,20.12905
2023-08-16,19.86585953,19.94568217,19.57650246,19.59645812,19.96563783,2066772,40867404.21,2,1.6415,1,-1.8491,0,19.77354
2023-08-17,19.51663548,20.00554915,19.43681284,19.93570434,19.59645812,2036425,40384215.0,2,1.6174,1,1.7312,0,19.83094
2023-08-18,19.93570434,20.26497273,19.68625859,19.87583736,19.93570434,2258654,45340737.52,2,1.7939,1,-0.3003,0,20.07423
2023-08-21,19.70621425,19.98559349,19.42683501,19.4567685,19.87583736,2280976,45077050.32,2,1.8117,1,-2.1084,0,19.76218
2023-08-22,19.59645812,19.7561034,18.81818738,18.96785483,19.4567685,5543735,106561654.9,2,4.4031,1,-2.5128,0,19.222
2023-08-23,18.98781049,19.0576553,17.83038221,17.88027136,18.96785483,7209848,132258188.93,2,5.7264,1,-5.7338,0,18.3441
2023-08-24,18.0598723,18.30931805,17.65078127,18.0598723,17.88027136,5557182,100247427.48,2,4.4138,1,1.0045,0,18.03926
2023-08-25,18.3592072,18.70843125,18.12971711,18.19956192,18.0598723,5243795,96707845.73,2,4.1649,1,0.7735,0,18.44234
2023-08-28,19.4567685,19.78603689,18.48891899,18.48891899,18.19956192,5439104,103348405.94,2,4.32,1,1.5899,0,19.001
2023-08-29,18.47894116,19.71619208,18.38914069,19.61641378,18.48891899,5793651,111560014.3,2,4.6016,1,6.0982,0,19.25556
2023-08-30,19.84590387,20.6541081,19.7561034,20.24501707,19.61641378,6568193,133348693.64,2,5.2167,1,3.2045,0,20.30219
2023-08-31,20.14523877,20.73393074,20.07539396,20.61419678,20.24501707,6233877,128240607.91,2,4.9512,1,1.8236,0,20.57157
2023-09-01,20.59424112,20.84368687,20.2549949,20.38470669,20.61419678,4485050,91964736.7,2,3.5622,1,-1.1133,0,20.50473
2023-09-04,20.31486188,20.61419678,20.1552166,20.61419678,20.38470669,3361008,68846077.33,2,2.6695,1,1.1258,0,20.48376
2023-09-05,20.64413027,20.93348734,20.54435197,20.67406376,20.61419678,3769203,78311355.64,2,2.9937,1,0.2904,0,20.77664
2023-09-06,20.60421895,21.16297743,20.48448499,21.11308828,20.67406376,5099391,106976809.48,2,4.0502,1,2.1236,0,20.97835
2023-09-07,20.93348734,21.01330998,20.44457367,20.53437414,21.11308828,4501620,93205250.7,2,3.5754,1,-2.741,0,20.70482
2023-09-08,20.3547732,21.08315479,20.30488405,20.92350951,20.53437414,5123437,106667163.98,2,4.0693,1,1.895,0,20.81945
2023-09-11,20.98337649,21.2527779,20.60421895,21.09313262,20.92350951,4092797,86067341.61,2,3.2507,1,0.8107,0,21.02898
2023-09-12,21.03326564,21.23282224,20.83370904,20.90355385,21.09313262,2742850,57630144.29,2,2.1785,1,-0.8988,0,21.01104
2023-09-13,20.80377555,21.08315479,20.40466235,20.59424112,20.90355385,3307947,68446194.65,2,2.6273,1,-1.4797,0,20.69144
2023-09-14,20.54435197,20.64413027,20.13526094,20.29490622,20.59424112,2612762,53085396.82,2,2.0752,1,-1.4535,0,20.31773
2023-09-15,20.40466235,20.94346517,20.09534962,20.48448499,20.29490622,4660402,95803809.66,2,3.7015,1,0.9341,0,20.55698
2023-09-18,20.34479537,20.36475103,19.90577085,20.10532745,20.48448499,2949901,59441984.22,2,2.3429,1,-1.8509,0,20.1505
2023-09-19,20.11530528,20.23503924,19.77605906,19.83592604,20.10532745,2396314,47917245.78,2,1.9033,1,-1.34,0,19.99623
2023-09-20,19.7561034,20.03548264,19.64634727,19.6563251,19.83592604,2587360,51354381.45,2,2.055,1,-0.9054,0,19.84818
2023-09-21,19.58648029,19.81597038,19.4567685,19.50665765,19.6563251,2144976,42148329.44,2,1.7036,1,-0.7614,0,19.64979
2023-09-22,19.48670199,19.97561566,19.2572119,19.88581519,19.50665765,2898920,57298085.93,2,2.3024,1,1.9437,0,19.76532
2023-09-25,19.88581519,19.93570434,19.3569902,19.53659114,19.88581519,2406761,47123095.1,2,1.9116,1,-1.7561,0,19.57947
2023-09-26,19.54656897,19.6563251,19.2572119,19.43681284,19.53659114,2326431,45195820.49,2,1.8478,1,-0.5107,0,19.42711
2023-09-27,19.44679067,19.59645812,19.27716756,19.27716756,19.43681284,2544983,49532077.58,2,2.0213,1,-0.8214,0,19.46264
2023-09-28,19.37694586,19.73614774,19.18736709,19.56652463,19.27716756,2292265,44808250.43,2,1.8206,1,1.501,0,19.54759
2023-10-09,19.54656897,19.54656897,19.17738926,19.27716756,19.56652463,2449733,47396510.58,2,1.9457,1,-1.4788,0,19.34762
2023-10-10,19.29712322,19.63636944,19.26718973,19.44679067,19.27716756,1953704,38213028.74,2,1.5517,1,0.8799,0,19.55927
2023-10-11,19.48670199,20.01552698,19.43681284,19.8558817,19.44679067,3073834,61003413.19,2,2.4414,1,2.1036,0,19.84603
2023-10-12,20.13526094,20.13526094,19.5565468,19.68625859,19.8558817,2355338,46618430.66,2,1.8707,1,-0.8543,0,19.79267
2023-10-13,19.63636944,19.92572651,19.56652463,19.68625859,19.68625859,2097303,41538679.5,2,1.6658,1,0.0,0,19.80576
2023-10-16,19.67628076,19.68625859,18.6585421,18.77827606,19.68625859,3973605,75604411.46,2,3.156,1,-4.6123,0,19.02666
2023-10-17,18.72838691,19.22727841,18.72838691,19.1574336,18.77827606,3126876,59715902.72,2,2.4835,1,2.0191,0,19.09762
2023-10-18,19.07761096,19.23725624,18.5587638,18.61863078,19.1574336,2071397,39030778.47,2,1.6452,1,-2.8125,0,18.84273
2023-10-19,18.3592072,19.33703454,18.3592072,18.8580987,18.61863078,3645905,69691899.17,2,2.8957,1,1.2862,0,19.11512
2023-10-20,18.8580987,19.08758879,18.52883031,18.56874163,18.8580987,2257126,42408535.75,2,1.7927,1,-1.5344,0,18.78873
2023-10-23,18.69845342,18.73836474,17.75055957,17.82040438,18.56874163,3349006,60408328.53,2,2.6599,1,-4.0301,0,18.03769
2023-10-24,17.82040438,18.34922937,17.60089212,18.18958409,17.82040438,3540096,63843947.5,2,2.8117,1,2.0717,0,18.03452
2023-10-25,18.20953975,18.42905201,18.09978362,18.23947324,18.18958409,2662216,48717809.69,2,2.1144,1,0.2743,0,18.29972
2023-10-26,17.97007183,18.19956192,17.8603157,18.1596506,18.23947324,1951061,35226607.57,2,1.5496,1,-0.4376,0,18.0551
2023-10-27,18.08980579,18.52883031,17.8603157,18.4589855,18.1596506,3552415,64663545.62,2,2.8215,1,1.6484,0,18.2027
2023-10-30,18.26940673,19.08758879,18.07982796,19.01774398,18.4589855,4702513,88271221.17,2,3.7349,1,3.027,0,18.77107
2023-10-31,18.93792134,19.13747794,18.69845342,18.84812087,19.01774398,2726541,51565225.92,2,2.1655,1,-0.8919,0,18.91232
2023-11-01,18.84812087,19.11752228,18.70843125,18.74834257,18.84812087,2247904,42520102.22,2,1.7854,1,-0.5294,0,18.91544
2023-11-02,18.71840908,18.90798785,18.39911852,18.39911852,18.74834257,2389908,44677784.62,2,1.8982,1,-1.8627,0,18.69435
2023-11-03,18.49889682,19.3569902,18.44900767,19.2572119,18.39911852,3989031,76050732.75,2,3.1683,1,4.6638,0,19.06496
2023-11-06,19.30710105,19.73614774,19.23725624,19.5565468,19.2572119,3340165,65233592.42,2,2.6529,1,1.5544,0,19.53005
2023-11-07,19.4567685,19.68625859,19.32705671,19.61641378,19.5565468,2971793,58147317.7,2,2.3603,1,0.3061,0,19.56641
2023-11-08,19.56652463,19.98559349,19.4567685,19.71619208,19.61641378,3737243,73792599.58,2,2.9683,1,0.5086,0,19.7452
2023-11-09,19.69623642,19.93570434,19.50665765,19.59645812,19.71619208,2593430,51153296.01,2,2.0598,1,-0.6073,0,19.72419
2023-11-10,19.60643595,19.80599255,19.27716756,19.46674633,19.59645812,2378931,46689085.62,2,1.8895,1,-0.6619,0,19.62608
2023-11-13,19.73614774,19.73614774,19.42683501,19.61641378,19.46674633,2412077,47224186.66,2,1.9158,1,0.7688,0,19.57823
2023-11-14,19.57650246,20.00554915,19.46674633,19.87583736,19.61641378,2964189,58836626.56,2,2.3543,1,1.3225,0,19.84915
2023-11-15,20.03548264,20.17517226,19.71619208,19.82594821,19.87583736,2978589,59503478.61,2,2.3657,1,-0.251,0,19.97707
2023-11-16,19.82594821,19.82594821,19.42683501,19.4567685,19.82594821,2869331,56259619.89,2,2.2789,1,-1.8621,0,19.60723
2023-11-17,19.38692369,19.61641378,19.3569902,19.53659114,19.4567685,1800229,35210465.09,2,1.4298,1,0.4103,0,19.55888
2023-11-20,19.50665765,19.80599255,19.49667982,19.77605906,19.53659114,2567193,50531742.45,2,2.039,1,1.2257,0,19.68366
2023-11-21,19.77605906,19.89579302,19.6563251,19.71619208,19.77605906,2552013,50582085.73,2,2.0269,1,-0.3027,0,19.82047
2023-11-22,19.53659114,19.78603689,19.28714539,19.36696803,19.71619208,2360502,46131487.26,2,1.8748,1,-1.7713,0,19.54308
2023-11-23,19.27716756,19.60643595,19.11752228,19.49667982,19.36696803,2172327,42117895.47,2,1.7254,1,0.6698,0,19.38838
2023-11-24,19.42683501,19.4567685,18.81818738,18.81818738,19.49667982,2752570,52530346.29,2,2.1862,1,-3.48,0,19.08411
2023-11-27,18.70843125,19.1574336,18.70843125,19.04767747,18.81818738,2167167,41197083.91,2,1.7213,1,1.2195,0,19.00965
2023-11-28,18.96785483,19.34701237,18.93792134,19.27716756,19.04767747,2551030,49114560.24,2,2.0261,1,1.2048,0,19.25284
2023-11-29,19.20732275,19.56652463,19.1574336,19.1574336,19.27716756,2477127,48147423.66,2,1.9674,1,-0.6211,0,19.4368
2023-11-30,19.16741143,19.2572119,18.59867512,18.76829823,19.1574336,2117422,39890567.51,2,1.6817,1,-2.0313,0,18.83921
2023-12-01,18.76829823,18.89801002,18.53880814,18.76829823,18.76829823,1929080,36118291.96,2,1.5322,1,0.0,0,18.72307
2023-12-04,18.76829823,18.86807653,18.50887465,18.53880814,18.76829823,2435667,45560451.17,2,1.9345,1,-1.2228,0,18.70553
2023-12-05,18.41907418,18.4589855,17.88027136,17.90022702,18.53880814,3258459,59010290.22,2,2.588,1,-3.4446,0,18.10988
2023-12-06,17.83038221,18.01996098,17.80044872,17.91020485,17.90022702,2520674,45205157.71,2,2.002,1,0.0557,0,17.93376
2023-12-07,17.81042655,18.78825389,17.78049306,18.56874163,17.91020485,4462484,81908155.99,2,3.5443,1,3.6769,0,18.35483
2023-12-08,18.50887465,19.23725624,18.43902984,18.92794351,18.56874163,4601540,87297554.11,2,3.6547,1,1.9344,0,18.97138
2023-12-11,18.92794351,18.92794351,18.39911852,18.81818738,18.92794351,2796655,52224861.96,2,2.2212,1,-0.5799,0,18.67405
2023-12-12,18.8580987,19.00776615,18.70843125,18.84812087,18.81818738,2007975,37978178.64,2,1.5948,1,0.1591,0,18.91367
2023-12-13,18.82816521,19.31707888,18.76829823,19.06763313,18.84812087,3090701,59147437.04,2,2.4548,1,1.1646,0,19.13722
2023-12-14,19.09756662,19.23725624,18.81818738,18.8580987,19.06763313,1982121,37719132.05,2,1.5743,1,-1.0989,0,19.02968
2023-12-15,18.87805436,19.03769964,18.38914069,18.38914069,18.8580987,3105933,58069823.47,2,2.4669,1,-2.4868,0,18.69642
2023-12-18,18.39911852,18.82816521,18.30931805,18.4589855,18.38914069,2503087,46609339.14,2,0.5446,1,0.3798,0,18.62074
2023-12-19,18.52883031,18.79823172,18.3592072,18.56874163,18.4589855,2492359,46368301.35,2,0.5423,1,0.5946,0,18.60418
2023-12-20,18.43902984,18.84812087,18.28936239,18.31929588,18.56874163,2545667,47514092.11,2,0.5539,1,-1.3434,0,18.66469
2023-12-21,18.2594289,18.62860861,18.00998315,18.41907418,18.31929588,3515612,64466726.1,2,0.7649,1,0.5447,0,18.33727
2023-12-22,18.3592072,18.36918503,17.89024919,18.0598723,18.41907418,2449972,44494215.15,2,0.5331,1,-1.9502,0,18.16111
2023-12-25,18.00998315,18.20953975,17.8603157,17.93016051,18.0598723,1685644,30352557.55,2,0.3668,1,-0.7182,0,18.00651
2023-12-26,17.88027136,17.88027136,17.38137986,17.4612025,17.93016051,2523760,44485644.94,2,0.5491,1,-2.6155,0,17.62673
2023-12-27,17.50111382,17.72062608,17.3614242,17.72062608,17.4612025,2185583,38578552.56,2,0.4756,1,1.4857,0,17.65138
2023-12-28,17.61086995,18.24945107,17.50111382,18.10976145,17.72062608,2690729,48334446.04,2,0.5855,1,2.1959,0,17.96333
2023-12-29,18.14967277,18.46896333,18.07982796,18.43902984,18.10976145,2720768,49889136.44,2,0.592,1,1.8182,0,18.33642
2024-01-02,18.44900767,18.5587638,17.85033787,17.91020485,18.43902984,4479355,80848284.18,2,0.9746,1,-2.868,0,18.04909
2024-01-03,17.78049306,18.03991664,17.67073693,17.80044872,17.91020485,1925133,34390321.36,2,0.4189,1,-0.6128,0,17.86387
2024-01-04,17.80044872,17.87029353,17.5609808,17.6607591,17.80044872,1822602,32373319.71,2,0.3966,1,-0.7848,0,17.76214
2024-01-05,17.68071476,17.73060391,17.15188977,17.27162373,17.6607591,2614888,45755780.56,2,0.569,1,-2.2034,0,17.49818
2024-01-08,17.2616459,17.28160156,16.8625327,16.962311,17.27162373,1967120,33492856.9,2,0.428,1,-1.7909,0,17.02634
2024-01-09,16.91242185,17.12195628,16.7627544,16.962311,16.962311,2033780,34546372.25,2,0.4425,1,0.0,0,16.98629
2024-01-10,16.91242185,16.95233317,16.5631978,16.68293176,16.962311,1928546,32387769.3,2,0.4196,1,-1.6471,0,16.79388
2024-01-11,16.63304261,17.00222232,16.57317563,16.85255487,16.68293176,2203107,37136127.76,2,0.4794,1,1.0167,0,16.85625
2024-01-12,16.83259921,17.03215581,16.69290959,16.69290959,16.85255487,1588816,26878921.02,2,0.3457,1,-0.9473,0,16.91758
2024-01-15,16.65299827,16.85255487,16.3636412,16.72284308,16.69290959,2267299,37832882.76,2,0.4933,1,0.1793,0,16.68632
2024-01-16,16.74279874,16.80266572,16.3636412,16.61308695,16.72284308,1948796,32329755.3,2,0.424,1,-0.6563,0,16.5896
2024-01-17,16.5631978,16.60310912,16.0643063,16.0643063,16.61308695,1826671,29892955.86,2,0.3975,1,-3.3033,0,16.36472
2024-01-18,16.01441715,16.1640846,15.24612424,15.75499357,16.0643063,3585813,56087660.23,2,0.7802,1,-1.9255,0,15.64155
2024-01-19,15.75499357,16.10421762,15.49556999,15.49556999,15.75499357,2328290,36822854.71,2,0.5066,1,-1.6466,0,15.81541
2024-01-22,15.55543697,15.55543697,14.41796435,14.48780916,15.49556999,2803215,42147916.36,2,0.6099,1,-6.5035,0,15.03556
2024-01-23,14.49778699,14.99667849,14.37805303,14.93681151,14.48780916,3013375,44456620.19,2,0.6557,1,3.0992,0,14.7531
2024-01-24,15.04656764,15.11641245,14.29823039,15.02661198,14.93681151,3045657,45027238.65,2,0.6627,1,0.6012,0,14.78408
2024-01-25,14.966745,15.69512659,14.92683368,15.62528178,15.02661198,3046180,47038305.81,2,0.6628,1,3.9841,0,15.44174
2024-01-26,15.61530395,15.6651931,15.29601339,15.3658582,15.62528178,2154125,33418297.14,2,0.4687,1,-1.6603,0,15.51363
2024-01-29,15.59534829,15.91463885,15.1663016,15.1663016,15.3658582,2381768,36997676.46,2,0.5182,1,-1.2987,0,15.5337
2024-01-30,14.97672283,15.21619075,14.60754312,14.67738793,15.1663016,1400294,20914123.15,2,0.3047,1,-3.2237,0,14.93552
2024-01-31,14.53769831,14.71729925,13.82927238,13.87916153,14.67738793,3467092,49096106.36,2,0.7544,1,-5.4385,0,14.1606
2024-02-01,13.8691837,14.27827473,13.57982663,14.00887332,13.87916153,2708759,37924581.63,2,0.5894,1,0.9346,0,14.00072
2024-02-02,14.02882898,14.19845209,12.85144504,13.33038088,14.00887332,3314032,44892467.58,2,0.7211,1,-4.8433,0,13.54618
2024-02-05,13.33038088,13.38027003,12.02328515,12.42239835,13.33038088,4276278,54008625.07,2,0.9305,1,-6.8114,0,12.62982
2024-02-06,12.13304128,13.34035871,11.83370638,13.2705139,12.42239835,3940649,49837697.16,2,0.8574,1,6.8273,0,12.64708
2024-02-07,13.30044739,13.89911719,12.56208797,12.7716224,13.2705139,6361981,84275573.94,2,1.3843,1,-3.7594,0,13.24675
2024-02-08,12.971179,13.98891766,12.86142287,13.90909502,12.7716224,5990253,80712575.25,2,1.3034,1,8.9063,0,13.47398
2024-02-19,14.1685186,14.55765397,14.05876247,14.45787567,13.90909502,5121958,73513888.76,2,1.1145,1,3.9455,0,14.35269
2024-02-20,14.30820822,14.53769831,14.17849643,14.40798652,14.45787567,2851353,40969210.49,2,0.6204,1,-0.3451,0,14.36834
2024-02-21,14.2682969,14.99667849,14.21840775,14.60754312,14.40798652,3310415,48652379.43,2,0.7203,1,1.385,0,14.69676
2024-02-22,14.65743227,15.04656764,14.59756529,14.92683368,14.60754312,3464486,51721558.46,2,0.7538,1,2.1858,0,14.92907
2024-02-23,14.95676717,15.17627943,14.81707755,15.1663016,14.92683368,3164165,47543382.56,2,0.6885,1,1.6043,0,15.02557
2024-02-26,15.15632377,15.58537046,15.08647896,15.24612424,15.1663016,3436694,52756742.01,2,0.7478,1,0.5263,0,15.35102
2024-02-27,15.47561433,16.15410677,15.27605773,16.15410677,15.24612424,4241761,66957012.74,2,0.9229,1,5.9555,0,15.78519
2024-02-28,16.0643063,16.51330865,14.93681151,14.93681151,16.15410677,6088461,96783474.41,2,1.3248,1,-7.5355,0,15.89621
2024-02-29,14.92683368,15.81486055,14.91685585,15.72506008,14.93681151,4252398,66332450.65,2,0.9253,1,5.2772,0,15.59883
2024-03-01,15.77494923,16.32372988,15.74501574,16.21397375,15.72506008,4068650,65709336.55,2,0.8853,1,3.1091,0,16.15016
2024-03-04,16.2638629,16.29379639,15.69512659,16.00443932,16.21397375,4337814,69379510.61,2,0.9438,1,-1.2923,0,15.99412
2024-03-05,15.97450583,16.15410677,15.59534829,15.72506008,16.00443932,3614635,57471652.07,2,0.7865,1,-1.7456,0,15.89971
2024-03-06,15.55543697,16.04435064,15.33592471,15.81486055,15.72506008,4077452,64026042.46,2,0.8872,1,0.5711,0,15.70246
2024-03-07,15.83481621,16.04435064,15.39579169,15.42572518,15.81486055,3433274,54066273.07,2,0.747,1,-2.4606,0,15.74773
2024-03-08,15.45565867,15.78492706,15.38581386,15.74501574,15.42572518,2720298,42606236.15,2,0.5919,1,2.0699,0,15.66234
2024-03-11,15.6651931,15.99446149,15.59534829,15.95455017,15.74501574,2730341,43219013.15,2,0.5941,1,1.3308,0,15.82916
2024-03-12,16.0643063,16.22395158,15.88470536,16.10421762,15.95455017,2963779,47715370.01,2,0.6449,1,0.9381,0,16.0995
2024-03-13,16.21397375,16.42350818,16.11419545,16.23392941,16.10421762,3335901,54472382.23,2,0.7258,1,0.8055,0,16.32914
2024-03-14,16.13415111,16.29379639,15.6651931,15.8647497,16.23392941,4185059,67116374.86,2,0.9106,1,-2.2741,0,16.03714
2024-03-15,15.80488272,16.00443932,15.67517093,15.98448366,15.8647497,2656975,42151436.57,2,0.5781,1,0.7547,0,15.86445
2024-03-18,16.10421762,16.47339733,15.99446149,16.47339733,15.98448366,3228074,52551575.82,2,0.7024,1,3.0587,0,16.27954
2024-03-19,16.47339733,16.59313129,16.33370771,16.45344167,16.47339733,2715196,44820017.76,2,0.5908,1,-0.1211,0,16.5071
2024-03-20,16.45344167,16.50333082,16.22395158,16.43348601,16.45344167,3066804,50325211.37,2,0.6673,1,-0.1213,0,16.40966
2024-03-21,16.3636412,16.6629761,16.09423979,16.34368554,16.43348601,3187736,52377022.16,2,0.6936,1,-0.5464,0,16.43079
2024-03-22,16.23392941,16.42350818,15.964528,16.02439498,16.34368554,2747724,44436383.13,2,0.5979,1,-1.9536,0,16.17207
2024-03-25,16.04435064,16.1640846,15.37583603,15.42572518,16.02439498,3059642,48159108.51,2,0.6657,1,-3.736,0,15.74011
2024-03-26,15.38581386,15.72506008,15.2660799,15.32594688,15.42572518,2917422,45277047.97,2,0.6348,1,-0.6468,0,15.51954
2024-03-27,15.40576952,15.44568084,14.83703321,14.83703321,15.32594688,2678137,40588770.48,2,0.5827,1,-3.1901,0,15.1556
2024-03-28,14.84701104,15.23614641,14.75721057,14.97672283,14.83703321,2763574,41569512.67,2,0.6013,1,0.9415,0,15.04194
2024-03-29,14.966745,15.11641245,14.69734359,15.09645679,14.97672283,2230787,33336873.46,2,0.4854,1,0.7995,0,14.944
2024-04-01,15.1663016,15.41574735,15.01663415,15.34590254,15.09645679,1939529,29772912.17,2,0.422,1,1.6523,0,15.35059
2024-04-02,15.31596905,15.3658582,15.02661198,15.08647896,15.34590254,2219876,33698273.43,2,0.483,1,-1.6905,0,15.18025
2024-04-03,15.08647896,15.23614641,14.78714406,15.01663415,15.08647896,2198320,32987642.37,2,0.4783,1,-0.463,0,15.00584
2024-04-08,14.95676717,15.12639028,14.62749878,15.05654547,15.01663415,3391211,50411994.37,2,0.7379,1,0.2658,0,14.86548
2024-04-09,14.72727708,15.1663016,14.68736576,15.08647896,15.05654547,2409259,36116935.46,2,0.5242,1,0.1988,0,14.99089
2024-04-10,14.97672283,15.14634594,14.71729925,14.90687802,15.08647896,1930717,28740394.18,2,0.4201,1,-1.1905,0,14.88587
2024-04-11,14.68736576,15.01663415,14.68736576,14.93681151,14.90687802,1761413,26274260.34,2,0.3833,1,0.2008,0,14.91658
2024-04-12,14.93681151,15.18625726,14.80709972,14.92683368,14.93681151,1780194,26751651.45,2,0.3873,1,-0.0668,0,15.02738
2024-04-15,14.77716623,15.29601339,14.53769831,14.79712189,14.92683368,3659506,54853571.8,2,0.7963,1,-0.869,0,14.98934
2024-04-16,14.87694453,14.87694453,14.0687403,14.1685186,14.79712189,3140519,45302658.86,2,0.6833,1,-4.2481,0,14.42521
2024-04-17,14.3680752,15.35588037,14.22838558,15.30599122,14.1685186,3446386,51510596.25,2,0.7499,1,8.0282,0,14.94626
2024-04-18,15.32594688,15.55543697,15.18625726,15.33592471,15.30599122,2918934,45024158.43,2,0.6351,1,0.1956,0,15.42486
2024-04-19,15.1663016,15.50554782,15.12639028,15.32594688,15.33592471,2225303,34106311.44,2,0.4842,1,-0.0651,0,15.32659
2024-04-22,15.14634594,15.30599122,14.81707755,15.22616858,15.32594688,2059780,31143049.88,2,0.4482,1,-0.651,0,15.1196
2024-04-23,15.18625726,15.49556999,15.18625726,15.33592471,15.22616858,2771534,42720846.59,2,0.603,1,0.7208,0,15.41415
2024-04-24,15.39579169,15.80488272,15.3658582,15.80488272,15.33592471,2306998,36201408.41,2,0.502,1,3.0579,0,15.692
2024-04-25,15.74501574,15.85477187,15.5654148,15.60532612,15.80488272,2257646,35506591.86,2,0.4912,1,-1.2626,0,15.72726
2024-04-26,15.64523744,15.94457234,15.54545914,15.87472753,15.60532612,2304929,36506987.26,2,0.5015,1,1.7263,0,15.83866
2024-04-29,15.48559216,15.81486055,15.31596905,15.69512659,15.87472753,5442126,85031911.49,2,1.1841,1,-1.1314,0,15.62476
2024-04-30,15.6651931,15.90466102,15.5654148,15.78492706,15.69512659,2829945,44647134.18,2,0.6158,1,0.5722,0,15.77668
2024-05-06,16.03437281,16.10421762,15.88470536,16.05432847,15.78492706,2720141,43702674.27,2,0.5919,1,1.7067,0,16.06633
2024-05-07,16.09423979,16.34368554,15.98448366,16.21397375,16.05432847,2867176,46581557.25,2,0.6239,1,0.9944,0,16.24649
2024-05-08,16.27384073,16.27384073,16.02439498,16.04435064,16.21397375,1955086,31580663.56,2,0.4254,1,-1.0462,0,16.15308
2024-05-09,16.02439498,16.53326431,15.99446149,16.48337516,16.04435064,2815601,46276636.98,2,0.6126,1,2.7363,0,16.43579
2024-05-10,16.48337516,16.91242185,16.4634195,16.59313129,16.48337516,3749379,62705011.47,2,0.8158,1,0.6659,0,16.72411
2024-05-13,16.27384073,16.58315346,16.18404026,16.32372988,16.59313129,2361268,38804268.22,2,0.5138,1,-1.6236,0,16.43366
2024-05-14,16.31375205,16.62306478,16.27384073,16.35366337,16.32372988,2066842,33971360.95,2,0.4497,1,0.1834,0,16.43636
2024-05-15,16.27384073,16.41353035,15.8647497,15.92461668,16.35366337,2349969,37933817.89,2,0.5113,1,-2.6236,0,16.14226
2024-05-16,15.93459451,16.11419545,15.72506008,15.7649714,15.92461668,2245352,35780268.6,2,0.4886,1,-1.0025,0,15.93526
2024-05-17,15.79490489,15.95455017,15.71508225,15.95455017,15.7649714,1681714,26725177.94,2,0.3659,1,1.2025,0,15.89163
2024-05-20,15.964528,16.74279874,15.8647497,16.42350818,15.95455017,3585968,59000741.01,2,0.7803,1,2.9393,0,16.45323
2024-05-21,16.39357469,16.72284308,16.29379639,16.48337516,16.42350818,2378516,39423099.66,2,0.5175,1,0.3645,0,16.57466
2024-05-22,16.4634195,16.54324214,16.29379639,16.45344167,16.48337516,1614009,26562705.23,2,0.3512,1,-0.1816,0,16.45759
2024-05-23,16.45344167,16.57317563,16.23392941,16.28381856,16.45344167,2121019,34874479.7,2,0.4615,1,-1.0309,0,16.44232
2024-05-24,16.28381856,16.41353035,15.82483838,15.89468319,16.28381856,2403592,38803037.26,2,0.523,1,-2.3897,0,16.14377
2024-05-27,15.88470536,16.25388507,15.71508225,16.25388507,15.89468319,2481539,39759987.9,2,0.5399,1,2.2599,0,16.02231
2024-05-28,16.27384073,16.84257704,16.27384073,16.60310912,16.25388507,4198233,70148057.37,2,0.9135,1,2.1486,0,16.70895
2024-05-29,16.60310912,16.95233317,16.5631978,16.81264355,16.60310912,3378809,56942739.89,2,0.7352,1,1.262,0,16.8529
2024-05-30,16.92239968,17.61086995,16.67295393,17.41131335,16.81264355,6648267,115529717.5,2,1.4466,1,3.5608,0,17.37742
2024-05-31,17.40133552,17.61086995,17.2616459,17.5609808,17.41131335,4404853,77068641.53,2,0.9584,1,0.8596,0,17.4963
2024-06-03,17.91020485,19.14745577,17.91020485,18.36918503,17.5609808,12186173,226028700.44,2,2.6515,1,4.6023,0,18.54796
2024-06-04,18.3592072,18.72838691,18.1596506,18.27938456,18.36918503,6227076,114467648.41,2,1.3549,1,-0.4889,0,18.38225
2024-06-05,18.1596506,18.71840908,18.08980579,18.10976145,18.27938456,4592270,84613841.68,2,0.9992,1,-0.9279,0,18.42528
2024-06-06,17.15188977,17.6607591,16.3636412,16.40355252,18.10976145,12384822,210001889.43,2,2.6948,1,-9.4215,0,16.95639
2024-06-07,16.5631978,16.92239968,15.94457234,16.47339733,16.40355252,7018308,115329466.05,2,1.5271,1,0.4258,0,16.43266
2024-06-11,16.42350818,17.07206713,16.27384073,17.03215581,16.47339733,5986757,100410756.37,2,1.3026,1,3.3919,0,16.77214
2024-06-12,17.03215581,17.77051523,16.95233317,17.53104731,17.03215581,7121909,124604849.71,2,1.5496,1,2.9291,0,17.49599
2024-06-13,17.69069259,18.43902984,17.53104731,18.00000532,17.53104731,9397919,169548423.53,2,2.0449,1,2.675,0,18.04106
2024-06-14,17.99,18.36,17.32,17.5,18.0,17999922,320322562.83,2,3.9165,1,-2.7778,0,17.79578
2024-06-17,17.18,17.58,16.81,17.08,17.5,7200728,124103543.86,2,1.5668,1,-2.4,0,17.23486
2024-06-18,17.09,17.42,16.9,17.39,17.08,5760899,99522305.88,2,1.2535,1,1.815,0,17.27548
2024-06-19,17.39,17.51,16.93,17.02,17.39,3690147,63148054.4,2,0.8029,1,-2.1277,0,17.11261
2024-06-20,17.18,17.67,16.88,17.09,17.02,5093285,88161775.57,2,1.1082,1,0.4113,0,17.30941
2024-06-21,16.84,17.13,16.45,17.08,17.09,4494649,75498738.46,2,0.978,1,-0.0585,0,16.79747
2024-06-24,16.81,17.4,16.57,16.57,17.08,3922983,66691445.64,2,0.8536,1,-2.9859,0,17.00019
2024-06-25,16.82,16.82,15.65,15.79,16.57,3490499,56257694.83,2,0.7595,1,-4.7073,0,16.11738
2024-06-26,15.66,16.22,15.56,16.15,15.79,2571971,40786278.87,2,0.5596,1,2.2799,0,15.85799
2024-06-27,16.1,16.35,15.91,15.99,16.15,2241555,36071196.01,2,0.4877,1,-0.9907,0,16.09204
2024-06-28,15.83,16.52,15.83,16.18,15.99,2485352,40485246.52,2,0.5408,1,1.1882,0,16.28954
2024-07-01,16.24,16.3,15.59,15.84,16.18,2285580,36196372.1,2,0.4973,1,-2.1014,0,15.83684
2024-07-02,15.9,15.97,15.58,15.64,15.84,1777392,27960056.61,2,0.3867,1,-1.2626,0,15.73095
2024-07-03,15.68,15.86,15.48,15.67,15.64,1831321,28645350.97,2,0.3985,1,0.1918,0,15.64191
2024-07-04,15.67,15.78,15.15,15.2,15.67,1895489,29213091.44,2,0.4124,1,-2.9994,0,15.4119
2024-07-05,15.28,15.57,15.05,15.47,15.2,1983258,30341192.78,2,0.4315,1,1.7763,0,15.29866
2024-07-08,15.57,15.72,15.18,15.26,15.47,1537962,23733778.58,2,0.3346,1,-1.3575,0,15.43197
2024-07-09,15.29,15.82,15.14,15.8,15.26,2523240,39206300.99,2,0.549,1,3.5387,0,15.53808
2024-07-10,15.74,15.89,15.65,15.75,15.8,1473602,23286907.83,2,0.3206,1,-0.3165,0,15.80271
2024-07-11,15.95,16.17,15.84,16.05,15.75,2232604,35696475.83,2,0.4858,1,1.9048,0,15.98872
2024-07-12,15.92,15.99,15.67,15.7,16.05,1651330,26028675.04,2,0.3593,1,-2.1807,0,15.76225
2024-07-15,15.77,15.8,15.33,15.41,15.7,1649932,25544163.41,2,0.359,1,-1.8471,0,15.48195
2024-07-16,15.31,15.57,15.15,15.55,15.41,2360949,36336520.54,2,0.5137,1,0.9085,0,15.39064
2024-07-17,15.41,15.63,15.33,15.33,15.55,1930194,29825504.76,2,0.42,1,-1.4148,0,15.45208
2024-07-18,15.33,15.33,14.8,15.11,15.33,2006011,30127336.71,2,0.4365,1,-1.4351,0,15.01853
2024-07-19,15.11,15.76,15.03,15.59,15.11,2977888,46152743.06,2,0.6479,1,3.1767,0,15.49848
2024-07-22,15.63,16.16,15.5,15.55,15.59,3993441,62983382.71,2,0.8689,1,-0.2566,0,15.77171
2024-07-23,15.67,15.67,14.61,14.61,15.55,4252171,63882225.86,2,0.9252,1,-6.045,0,15.02344
2024-07-24,14.61,14.76,14.36,14.36,14.61,2216484,32192830.79,2,0.4823,1,-1.7112,0,14.52428
2024-07-25,14.2,14.61,14.14,14.41,14.36,1601503,23016080.21,2,0.3485,1,0.3482,0,14.37155
2024-07-26,14.4,14.73,14.38,14.58,14.41,1495774,21776963.09,2,0.3255,1,1.1797,0,14.55899
2024-07-29,14.65,14.75,14.47,14.58,14.58,1446302,21142296.86,2,0.3147,1,0.0,0,14.61818
2024-07-30,14.49,14.79,14.4,14.71,14.58,1229846,18000489.57,2,0.2676,1,0.8916,0,14.63638
2024-07-31,14.69,15.55,14.66,15.52,14.71,2954608,44863887.96,2,0.6429,1,5.5065,0,15.18438
2024-08-01,15.58,15.87,15.47,15.75,15.52,2706128,42505367.34,2,0.5888,1,1.482,0,15.70708
2024-08-02,15.67,15.81,15.34,15.38,15.75,2106814,32818517.23,2,0.4584,1,-2.3492,0,15.57732
2024-08-05,15.24,15.48,14.79,14.79,15.38,2634048,39698233.3,2,0.5731,1,-3.8362,0,15.07119
2024-08-06,14.96,15.15,14.59,14.82,14.79,1665978,24638787.94,2,0.3625,1,0.2028,0,14.78938
2024-08-07,14.87,14.94,14.66,14.75,14.82,1921733,28399440.82,2,0.4181,1,-0.4723,0,14.77804
2024-08-08,14.71,14.89,14.47,14.63,14.75,1488890,21805749.88,2,0.324,1,-0.8136,0,14.64564
2024-08-09,14.7,14.93,14.59,14.62,14.63,1461111,21542974.78,2,0.3179,1,-0.0684,0,14.74424
2024-08-12,14.57,14.85,14.47,14.67,14.62,1627036,23895546.37,2,0.354,1,0.342,0,14.68655
2024-08-13,14.72,14.83,14.62,14.78,14.67,1002882,14769017.05,2,0.2182,1,0.7498,0,14.72658
2024-08-14,14.85,14.89,14.5,14.51,14.78,1078627,15781708.43,2,0.2347,1,-1.8268,0,14.63129
2024-08-15,14.51,14.83,14.36,14.57,14.51,1466329,21436571.46,2,0.3191,1,0.4135,0,14.61921
2024-08-16,14.58,14.7,14.3,14.31,14.57,1312692,19024189.09,2,0.2856,1,-1.7845,0,14.4925
2024-08-19,14.37,14.49,14.15,14.15,14.31,1650169,23579022.64,2,0.3591,1,-1.1181,0,14.28885
2024-08-20,14.17,14.22,13.85,13.92,14.15,1336824,18669072.37,2,0.2909,1,-1.6254,0,13.96524
2024-08-21,13.87,14.04,13.62,13.64,13.92,1390370,19187530.92,2,0.3025,1,-2.0115,0,13.80031
2024-08-22,13.68,13.71,13.4,13.43,13.64,1178793,15930776.09,2,0.2565,1,-1.5396,0,13.51448
2024-08-23,13.43,13.62,13.33,13.51,13.43,1141876,15389807.23,2,0.2485,1,0.5957,0,13.47765
2024-08-26,13.12,13.26,12.7,13.05,13.51,2520399,32822554.03,2,0.5484,1,-3.4049,0,13.02276
2024-08-27,13.0,13.07,12.78,12.79,13.05,1374671,17691831.62,2,0.2991,1,-1.9923,0,12.86987
2024-08-28,12.84,13.22,12.72,13.15,12.79,1749891,22817358.17,2,0.3808,1,2.8147,0,13.0393
2024-08-29,13.01,13.38,13.01,13.21,13.15,1229730,16291483.09,2,0.2676,1,0.4563,0,13.24802
2024-08-30,13.25,13.68,13.03,13.42,13.21,2157158,29110295.29,2,0.4694,1,1.5897,0,13.49474
2024-09-02,13.41,13.7,12.8,12.81,13.42,2003153,26095422.11,2,0.4359,1,-4.5455,0,13.02717
2024-09-03,12.87,13.03,12.7,12.78,12.81,1492102,19169041.92,2,0.3247,1,-0.2342,0,12.84701
2024-09-04,12.58,12.83,12.55,12.62,12.78,1703993,21549021.35,2,0.3708,1,-1.252,0,12.64619
2024-09-05,12.65,12.92,12.62,12.77,12.62,1135082,14506483.07,2,0.247,1,1.1886,0,12.78012
2024-09-06,12.85,12.85,12.3,12.31,12.77,1365261,17069521.22,2,0.2971,1,-3.6022,0,12.50275
2024-09-09,12.27,12.42,12.1,12.12,12.31,1570282,19224185.32,2,0.3417,1,-1.5435,0,12.24251
2024-09-10,12.25,12.41,12.11,12.36,12.12,1369751,16769616.16,2,0.298,1,1.9802,0,12.24282
2024-09-11,12.28,12.48,12.21,12.36,12.36,932121,11484558.91,2,0.2028,1,0.0,0,12.32089
2024-09-12,12.33,12.55,12.32,12.37,12.36,1194658,14842735.4,2,0.2599,1,0.0809,0,12.42425
2024-09-13,12.32,12.4,12.19,12.2,12.37,1462148,17963864.54,2,0.3181,1,-1.3743,0,12.28594
2024-09-18,12.13,12.35,11.96,12.12,12.2,1543612,18663572.47,2,0.3359,1,-0.6557,0,12.09084
2024-09-19,12.12,12.52,12.02,12.37,12.12,2080304,25646699.38,2,0.4526,1,2.0627,0,12.32834
2024-09-20,12.4,12.47,12.13,12.16,12.37,1536025,18867836.05,2,0.3342,1,-1.6977,0,12.28355
2024-09-23,12.21,12.33,12.04,12.06,12.16,1144608,13900037.43,2,0.2491,1,-0.8224,0,12.14393
2024-09-24,12.15,12.75,12.09,12.72,12.06,2690996,33512105.16,2,0.5855,1,5.4726,0,12.45342
2024-09-25,12.89,13.19,12.85,12.87,12.72,2887429,37578424.2,2,0.6283,1,1.1792,0,13.01449
2024-09-26,12.92,13.45,12.81,13.44,12.87,2666773,35048591.83,2,0.4592,1,4.4289,0,13.1427
2024-09-27,13.7,14.44,13.65,14.41,13.44,2561813,35932218.63,2,0.4412,1,7.2173,0,14.02609
2024-09-30,16.5,17.19,15.02,17.15,14.41,9138030,149226586.2,2,1.5736,1,19.0146,0,16.33028
2024-10-08,20.58,20.58,19.19,20.58,17.15,14423234,291820539.35,2,2.4838,1,20.0,0,20.23267
2024-10-09,20.33,21.95,19.58,20.27,20.58,17773825,369424163.48,2,3.0607,1,-1.5063,0,20.78473
2024-10-10,20.46,20.7,19.1,19.35,20.27,12597570,250975697.11,2,2.1694,1,-4.5387,0,19.92255
2024-10-11,19.01,19.36,17.66,18.01,19.35,7565043,138849716.03,2,1.3027,1,-6.9251,0,18.35412
2024-10-14,17.75,18.45,17.21,18.26,18.01,6275596,111949536.4,2,1.0807,1,1.3881,0,17.83887
2024-10-15,18.28,18.53,17.51,17.6,18.26,5255503,95287445.74,2,0.905,1,-3.6145,0,18.13098
2024-10-16,17.41,17.79,17.08,17.2,17.6,3938130,68211938.63,2,0.6782,1,-2.2727,0,17.3209
2024-10-17,17.41,17.66,17.11,17.11,17.2,3567042,61986172.96,2,0.6143,1,-0.5233,0,17.37747
2024-10-18,17.14,19.85,17.06,19.2,17.11,9465903,175050664.52,2,1.6301,1,12.2151,0,18.49276
2024-10-21,19.73,20.99,19.0,19.85,19.2,13297316,267507020.01,2,2.2899,1,3.3854,0,20.11737
2024-10-22,20.1,20.1,19.28,19.46,19.85,7790024,152801383.72,2,1.3415,1,-1.9647,0,19.61501
2024-10-23,19.37,19.75,19.1,19.2,19.46,6278515,122047563.04,2,1.0812,1,-1.3361,0,19.43892
2024-10-24,18.93,19.49,18.91,19.23,19.2,4501805,86443930.42,2,0.7752,1,0.1563,0,19.20206
2024-10-25,19.2,19.79,19.11,19.59,19.23,4399717,85733773.35,2,0.7577,1,1.8721,0,19.4862
2024-10-28,19.63,19.65,19.22,19.37,19.59,3971202,76855369.37,2,0.6839,1,-1.123,0,19.35318
2024-10-29,19.43,19.55,19.08,19.15,19.37,4691188,90509333.6,2,0.8078,1,-1.1358,0,19.29348
2024-10-30,19.05,19.19,18.41,18.68,19.15,4067229,76317003.79,2,0.7004,1,-2.4543,0,18.76388
2024-10-31,18.41,19.27,18.3,19.04,18.68,5263708,99435079.69,2,0.9064,1,1.9272,0,18.89069
2024-11-01,18.82,19.05,17.99,18.03,19.04,4739942,87503017.35,2,0.8162,1,-5.3046,0,18.46078
2024-11-04,18.18,18.49,18.03,18.48,18.03,2950633,54092016.09,2,0.5081,1,2.4958,0,18.33234
2024-11-05,18.48,19.49,18.33,19.46,18.48,5193723,99549591.03,2,0.8944,1,5.303,0,19.16729
2024-11-06,19.49,20.35,19.35,19.97,19.46,7079233,140821411.41,2,1.2191,1,2.6208,0,19.89218
2024-11-07,19.86,20.5,19.63,20.46,19.97,6690634,134814841.21,2,1.1522,1,2.4537,0,20.14979
2024-11-08,20.98,24.55,20.6,24.55,20.46,22002474,504446788.08,2,3.7889,1,19.9902,0,22.92682
2024-11-11,24.49,29.42,23.83,26.54,24.55,30561159,805400681.56,2,5.2628,1,8.1059,0,26.35373
2024-11-12,26.28,28.88,24.67,27.69,26.54,28363820,746590971.31,2,4.8844,1,4.3331,0,26.32195
2024-11-13,26.89,30.35,26.63,29.25,27.69,29083105,843331860.21,2,5.0083,1,5.6338,0,28.99731
2024-11-14,28.95,29.33,27.5,27.79,29.25,16557420,464641755.0,2,2.8513,1,-4.9915,0,28.06245
2024-11-15,28.68,28.68,25.1,25.13,27.79,21402402,564070345.5,2,3.6856,1,-9.5718,0,26.35547
2024-11-18,26.0,29.0,25.62,27.99,25.13,27728114,756284720.91,2,4.7749,1,11.3808,0,27.27501
2024-11-19,27.48,30.98,27.0,29.72,27.99,28106595,822028906.18,2,4.8401,1,6.1808,0,29.24683
2024-11-20,28.75,30.95,26.86,29.81,29.72,30497489,871717398.47,2,5.2518,1,0.3028,0,28.58325
2024-11-21,28.9,29.48,27.85,28.72,29.81,16548459,474054933.14,2,2.8497,1,-3.6565,0,28.64647
2024-11-22,28.33,29.95,26.02,26.35,28.72,16449616,455173113.2,2,2.8327,1,-8.2521,0,27.67074
2024-11-25,25.4,26.22,23.89,24.64,26.35,14665485,365050781.52,2,2.5255,1,-6.4896,0,24.89183
2024-11-26,24.78,25.45,24.35,24.86,24.64,8561273,213288746.94,2,1.4743,1,0.8929,0,24.9132
2024-11-27,24.77,25.29,23.5,25.26,24.86,10174931,248303330.35,2,1.7522,1,1.609,0,24.40344
2024-11-28,24.97,25.38,23.97,24.06,25.26,9652167,238117622.68,2,1.6622,1,-4.7506,0,24.66986
2024-11-29,23.93,25.18,23.49,24.4,24.06,8913132,216319364.61,2,1.5349,1,1.4131,0,24.26974
2024-12-02,24.28,25.14,24.1,24.48,24.4,6505916,159457891.65,2,1.1204,1,0.3279,0,24.50968
2024-12-03,24.5,25.3,23.62,24.05,24.48,7584764,182602226.03,2,1.3061,1,-1.7565,0,24.07487
2024-12-04,24.51,25.16,23.64,23.85,24.05,7734343,188531605.67,2,1.3319,1,-0.8316,0,24.3759
2024-12-05,23.85,23.99,23.41,23.59,23.85,5614909,132774580.51,2,0.9669,1,-1.0901,0,23.64679
2024-12-06,23.57,24.15,23.04,23.65,23.59,6728462,159018805.92,2,1.1587,1,0.2543,0,23.63375
2024-12-09,23.46,23.7,22.88,23.1,23.65,4944035,114628885.67,2,0.8514,1,-2.3256,0,23.18529
2024-12-10,23.88,23.98,22.5,22.66,23.1,8520681,197605582.66,2,1.4673,1,-1.9048,0,23.19129
2024-12-11,22.52,22.86,22.1,22.7,22.66,7342985,164845351.27,2,1.2645,1,0.1765,0,22.44937
2024-12-12,22.5,23.22,22.1,22.97,22.7,8081080,182892906.1,2,1.3916,1,1.1894,0,22.63224
2024-12-13,22.88,23.11,22.0,22.1,22.97,7559232,168637262.84,2,1.3017,1,-3.7875,0,22.30878
2024-12-16,22.15,22.16,21.21,21.42,22.1,5562410,119721030.83,2,0.9504,1,-3.0769,0,21.52323
2024-12-17,21.22,21.51,20.7,20.82,21.42,4349630,91282418.52,2,0.7432,1,-2.8011,0,20.98625
2024-12-18,21.22,21.36,20.67,21.05,20.82,6272134,131914312.93,2,1.0717,1,1.1047,0,21.03181
2024-12-19,20.55,21.03,20.46,20.76,21.05,6171497,127930464.68,2,1.0545,1,-1.3777,0,20.72924
2024-12-20,20.74,23.62,20.62,22.8,20.76,15950403,354834092.17,2,2.7254,1,9.8266,0,22.24609
2024-12-23,22.4,22.53,21.3,21.4,22.8,8834793,193200996.23,2,1.5096,1,-6.1404,0,21.8682
2024-12-24,21.55,21.94,20.95,21.8,21.4,5753750,123464863.23,2,0.9831,1,1.8692,0,21.45816
2024-12-25,22.02,22.07,20.91,21.25,21.8,4165537,88729500.02,2,0.7118,1,-2.5229,0,21.30086
2024-12-26,20.52,21.58,20.52,21.33,21.25,3979626,84932668.11,2,0.68,1,0.3765,0,21.34187
2024-12-27,21.46,21.82,20.86,20.89,21.33,5948196,126835798.41,2,1.0163,1,-2.0628,0,21.32341
2024-12-30,20.9,21.04,20.26,20.7,20.89,4786300,98916286.15,2,0.8178,1,-0.9095,0,20.66655
2024-12-31,20.86,21.08,20.05,20.05,20.7,5747992,118220731.7,2,0.9821,1,-3.1401,0,20.56731
2025-01-02,20.09,20.25,19.06,19.34,20.05,4992632,97683672.4,2,0.8531,1,-3.5411,0,19.56557
2025-01-03,19.5,19.74,18.9,18.95,19.34,4643437,89738313.02,2,0.7934,1,-2.0165,0,19.32584
2025-01-06,18.8,19.21,18.51,18.69,18.95,4504589,84624921.81,2,0.7697,1,-1.372,0,18.78638
2025-01-07,18.62,19.77,18.62,19.66,18.69,5048343,97306806.49,2,0.8626,1,5.1899,0,19.275
2025-01-08,19.5,21.0,19.41,20.05,19.66,7886058,159527517.42,2,1.3475,1,1.9837,0,20.22906
2025-01-09,19.86,20.6,19.63,19.84,20.05,6005513,120266074.57,2,1.0261,1,-1.0474,0,20.02595
2025-01-10,19.74,21.53,19.66,19.73,19.84,9401357,192655444.23,2,1.6064,1,-0.5544,0,20.4923
2025-01-13,19.31,20.18,19.11,19.9,19.73,5249990,103025562.59,2,0.897,1,0.8616,0,19.62395
2025-01-14,20.17,20.96,19.77,20.73,19.9,8391972,171010508.13,2,1.4339,1,4.1709,0,20.37787
2025-01-15,20.65,20.9,19.9,20.05,20.73,6500055,130865287.33,2,1.1106,1,-3.2803,0,20.13295
2025-01-16,19.75,20.26,19.54,19.88,20.05,5321715,105682436.52,2,0.9093,1,-0.8479,0,19.85872
2025-01-17,20.2,20.4,19.43,19.85,19.88,5450235,108548120.68,2,0.9313,1,-0.1509,0,19.91623
2025-01-20,19.91,20.05,19.25,19.38,19.85,4972102,97189961.26,2,0.8496,1,-2.3678,0,19.54706
2025-01-21,19.55,19.55,18.85,19.08,19.38,5089597,97468941.14,2,0.8696,1,-1.548,0,19.15062
2025-01-22,19.33,19.66,18.98,19.24,19.08,5439095,105012275.91,2,0.9294,1,0.8386,0,19.30694
2025-01-23,19.4,20.72,19.27,19.43,19.24,7305411,145483545.72,2,1.2483,1,0.9875,0,19.91449
2025-01-24,19.54,20.58,19.4,20.02,19.43,6918375,139486264.77,2,1.1821,1,3.0365,0,20.16171
2025-01-27,19.81,20.27,19.02,19.03,20.02,5173838,100395766.25,2,0.884,1,-4.9451,0,19.40451
2025-02-05,19.37,19.65,19.13,19.46,19.03,4612844,89204186.71,2,0.7882,1,2.2596,0,19.33822
2025-02-06,19.62,21.05,19.2,20.66,19.46,9443954,193588093.73,2,1.6137,1,6.1665,0,20.49863
2025-02-07,20.67,21.43,20.46,20.99,20.66,8971024,188666926.94,2,1.5328,1,1.5973,0,21.0307
2025-02-10,21.1,21.28,20.7,21.0,20.99,5938953,124443629.99,2,1.0148,1,0.0476,0,20.9538
2025-02-11,21.0,21.49,20.39,20.83,21.0,7236248,150377440.37,2,1.2364,1,-0.8095,0,20.78113
2025-02-12,20.71,21.27,20.55,21.23,20.83,6398087,133872601.26,2,1.0932,1,1.9203,0,20.92385
2025-02-13,21.26,21.29,20.53,20.54,21.23,5501677,114259280.46,2,0.9401,1,-3.2501,0,20.76808
2025-02-14,20.43,20.77,20.3,20.55,20.54,5349443,109550776.05,2,0.914,1,0.0487,0,20.47891
2025-02-17,20.5,20.87,20.23,20.49,20.55,4803115,98419481.47,2,0.8207,1,-0.292,0,20.49076
2025-02-18,20.5,20.74,19.65,19.79,20.49,5543257,111962256.01,2,0.9472,1,-3.4163,0,20.19792
2025-02-19,19.96,21.97,19.72,21.84,19.79,14881438,317334841.42,2,2.5427,1,10.3588,0,21.32421
2025-02-20,21.8,21.96,21.19,21.41,21.84,8379289,180124303.16,2,1.4317,1,-1.9689,0,21.49637
2025-02-21,21.4,25.66,21.12,25.38,21.41,30036676,726784026.55,2,5.1323,1,18.5427,0,24.19655
2025-02-24,24.3,24.85,23.38,23.76,25.38,18150521,434500172.34,2,3.1013,1,-6.383,0,23.93872
2025-02-25,23.16,23.96,23.02,23.27,23.76,8397951,197318695.83,2,1.4349,1,-2.0623,0,23.49605
2025-02-26,23.33,24.85,22.88,24.37,23.27,14551378,347979165.3,2,2.4863,1,4.7271,0,23.91383
2025-02-27,24.15,24.6,22.93,23.61,24.37,12307643,290565656.56,2,2.103,1,-3.1186,0,23.60855
2025-02-28,23.4,23.54,21.94,22.14,23.61,10430269,235872980.3,2,1.7822,1,-6.2262,0,22.61428
2025-03-03,22.15,22.4,21.4,21.67,22.14,7443384,162873638.36,2,1.2718,1,-2.1229,0,21.88167
2025-03-04,21.38,22.7,21.23,22.52,21.67,8463365,187366074.49,2,1.4461,1,3.9225,0,22.13848
2025-03-05,22.47,22.59,21.52,21.72,22.52,9136702,200102183.26,2,1.5612,1,-3.5524,0,21.90092
2025-03-06,21.98,23.07,21.75,22.72,21.72,11296768,255485425.68,2,1.9302,1,4.6041,0,22.6158
2025-03-07,22.46,22.93,21.88,22.05,22.72,8550072,191190197.87,2,1.4609,1,-2.9489,0,22.36124
2025-03-10,21.98,22.23,21.54,21.95,22.05,6206478,135565927.37,2,1.0605,1,-0.4535,0,21.84265
2025-03-11,21.58,21.92,21.19,21.55,21.95,6866470,147764777.96,2,1.1733,1,-1.8223,0,21.51976
2025-03-12,21.81,22.08,21.41,21.43,21.55,5946006,129295408.69,2,1.016,1,-0.5568,0,21.74492
2025-03-13,21.56,21.74,21.2,21.44,21.43,6594495,141513982.65,2,1.1268,1,0.0467,0,21.45941
2025-03-14,21.21,21.7,20.67,21.58,21.44,7972773,169088087.93,2,1.3623,1,0.653,0,21.20819
2025-03-17,21.56,21.62,21.18,21.4,21.58,4931366,105389788.58,2,0.8426,1,-0.8341,0,21.37132
2025-03-18,21.46,21.95,21.32,21.41,21.4,3994395,86224973.08,2,0.6825,1,0.0467,0,21.58649
2025-03-19,21.47,21.82,20.82,20.88,21.41,6426834,135018274.36,2,1.0981,1,-2.4755,0,21.00852
2025-03-20,20.86,20.97,20.37,20.49,20.88,4812684,99239265.52,2,0.8223,1,-1.8678,0,20.62036
2025-03-21,20.31,20.68,20.1,20.41,20.49,5012748,101942749.04,2,0.8565,1,-0.3904,0,20.3367
2025-03-24,20.3,20.66,19.7,20.01,20.41,4466284,89717961.59,2,0.7631,1,-1.9598,0,20.08783
2025-03-25,20.01,20.05,19.46,19.53,20.01,4355138,85862847.66,2,0.7441,1,-2.3988,0,19.7153
2025-03-26,19.54,19.83,19.53,19.7,19.53,3040035,59945396.45,2,0.5194,1,0.8705,0,19.71865
2025-03-27,19.72,20.17,19.31,19.59,19.7,4008636,79151407.77,2,0.6849,1,-0.5584,0,19.74522
2025-03-28,19.59,19.83,19.22,19.26,19.59,3450517,67045182.98,2,0.5896,1,-1.6845,0,19.43047
2025-03-31,19.15,19.42,19.0,19.31,19.26,2890637,55566045.65,2,0.4939,1,0.2596,0,19.22277
2025-04-01,19.36,19.73,19.21,19.61,19.31,2485354,48470722.88,2,0.4247,1,1.5536,0,19.50254
2025-04-02,19.57,19.75,19.46,19.57,19.61,1983797,38843854.58,2,0.339,1,-0.204,0,19.58056
2025-04-03,19.39,19.75,19.32,19.59,19.57,2680474,52429432.79,2,0.458,1,0.1022,0,19.55976
2025-04-07,18.06,18.81,15.67,16.11,19.59,8575288,147179425.69,2,1.4652,1,-17.7642,0,17.1632
2025-04-08,16.3,17.36,16.27,17.05,16.11,6935260,118188648.21,2,1.185,1,5.8349,0,17.0417
2025-04-09,16.87,18.13,16.3,17.83,17.05,7026993,123201795.18,2,1.2007,1,4.5748,0,17.53265
2025-04-10,18.31,18.69,18.1,18.1,17.83,4808483,88389981.79,2,0.8216,1,1.5143,0,18.38209
2025-04-11,18.02,20.93,18.02,19.25,18.1,11339433,221625133.97,2,1.9375,1,6.3536,0,19.54464
2025-04-14,19.4,19.5,19.12,19.22,19.25,4932300,95110235.12,2,0.8428,1,-0.1558,0,19.28314
2025-04-15,19.24,19.24,18.73,18.95,19.22,3494317,65992647.68,2,0.5971,1,-1.4048,0,18.88571
2025-04-16,18.97,19.14,18.4,18.82,18.95,3058076,57271944.54,2,0.5225,1,-0.686,0,18.7281
2025-04-17,18.92,19.18,18.55,18.86,18.82,2648779,50213734.69,2,0.4526,1,0.2125,0,18.95731
2025-04-18,18.83,18.98,18.56,18.75,18.86,1801530,33696515.12,2,0.3078,1,-0.5832,0,18.70439
2025-04-21,18.74,18.89,18.56,18.77,18.75,2423494,45455867.22,2,0.4141,1,0.1067,0,18.75634
2025-04-22,18.76,19.13,18.5,18.84,18.77,3123144,58618054.64,2,0.5336,1,0.3729,0,18.76892
2025-04-23,19.11,19.11,18.7,18.87,18.84,2743508,51757723.56,2,0.4688,1,0.1592,0,18.86553
2025-04-24,18.84,18.87,18.41,18.58,18.87,2230261,41550760.74,2,0.3811,1,-1.5368,0,18.63045
2025-04-25,18.69,18.7,18.4,18.4,18.58,2579769,47786021.52,2,0.4408,1,-0.9688,0,18.52337
2025-04-28,17.78,18.27,17.66,18.15,18.4,3310479,59559372.81,2,0.5657,1,-1.3587,0,17.99116
2025-04-29,18.2,18.5,18.04,18.37,18.15,2083153,38223869.46,2,0.3559,1,1.2121,0,18.34905
2025-04-30,18.41,18.66,18.39,18.51,18.37,2461744,45603761.93,2,0.4206,1,0.7621,0,18.52498
2025-05-06,18.56,19.14,18.45,19.06,18.51,3517989,66423574.21,2,0.6011,1,2.9714,0,18.88112
2025-05-07,19.28,19.57,18.96,19.18,19.06,3530077,67880159.08,2,0.6032,1,0.6296,0,19.22909
2025-05-08,19.08,19.75,19.02,19.7,19.18,3766320,73535660.53,2,0.6435,1,2.7112,0,19.52454
2025-05-09,19.52,19.8,19.1,19.12,19.7,3224237,62442638.56,2,0.5509,1,-2.9442,0,19.36664
2025-05-12,19.25,19.88,19.13,19.76,19.12,3257297,63484187.16,2,0.5566,1,3.3473,0,19.48984
2025-05-13,19.92,19.96,19.38,19.41,19.76,2310430,45299564.62,2,0.3948,1,-1.7713,0,19.60655
2025-05-14,19.5,19.6,19.28,19.35,19.41,2007552,38941395.4,2,0.343,1,-0.3091,0,19.39745
2025-05-15,19.34,19.5,19.03,19.04,19.35,1784540,34195740.2,2,0.3049,1,-1.6021,0,19.16222
2025-05-16,18.94,19.15,18.93,18.96,19.04,1786297,33985210.98,2,0.3052,1,-0.4202,0,19.02551
2025-05-19,19.06,19.2,18.77,19.11,18.96,1857849,35326063.18,2,0.3174,1,0.7911,0,19.0145
2025-05-20,19.14,19.35,18.93,19.2,19.11,1784034,34247497.23,2,0.3048,1,0.471,0,19.19666
2025-05-21,19.19,19.26,19.05,19.1,19.2,1415994,27097237.94,2,0.2419,1,-0.5208,0,19.13655
2025-05-22,19.01,19.47,19.01,19.03,19.1,1565635,30031532.92,2,0.2675,1,-0.3665,0,19.18169
2025-05-23,19.01,19.16,18.76,18.76,19.03,2121215,40212609.51,2,0.3624,1,-1.4188,0,18.95735
2025-05-26,18.8,18.98,18.71,18.87,18.76,1825423,34423892.39,2,0.3119,1,0.5864,0,18.85804
2025-05-27,18.92,18.92,18.58,18.89,18.87,1550499,29086530.93,2,0.2649,1,0.106,0,18.75946
2025-05-28,18.87,18.97,18.58,18.7,18.89,1139095,21298441.03,2,0.1946,1,-1.0058,0,18.69769
2025-05-29,18.72,19.27,18.7,19.24,18.7,2373645,45182873.1,2,0.4056,1,2.8877,0,19.03523
2025-05-30,19.26,19.27,18.72,18.8,19.24,1781368,33659808.06,2,0.3044,1,-2.2869,0,18.89548
2025-06-03,18.8,18.95,18.59,18.6,18.8,1794282,33605553.97,2,0.3066,1,-1.0638,0,18.72925
2025-06-04,18.61,18.75,18.55,18.58,18.6,1499473,27937854.83,2,0.2562,1,-0.1075,0,18.63178
2025-06-05,18.6,18.91,18.52,18.84,18.58,2096180,39250240.41,2,0.3582,1,1.3994,0,18.72465
2025-06-06,18.9,18.97,18.59,18.68,18.84,1853188,34701153.47,2,0.3166,1,-0.8493,0,18.72511
2025-06-09,18.72,18.92,18.61,18.83,18.68,2070441,38914011.02,2,0.3538,1,0.803,0,18.79503
2025-06-10,18.84,18.84,18.17,18.22,18.83,2944252,54316293.55,2,0.5031,1,-3.2395,0,18.44825
2025-06-11,18.27,18.45,18.22,18.28,18.22,1527907,28025874.63,2,0.2611,1,0.3293,0,18.34266
2025-06-12,18.25,18.39,18.11,18.29,18.28,1706300,31146014.11,2,0.2915,1,0.0547,0,18.25354
2025-06-13,18.1,18.32,17.86,17.92,18.29,2873321,51705064.65,2,0.491,1,-2.023,0,17.99488
2025-06-16,17.88,18.32,17.86,18.29,17.92,2233537,40451678.03,2,0.3816,1,2.0647,0,18.11104
2025-06-17,18.3,18.39,17.94,18.14,18.29,1899874,34450850.74,2,0.3246,1,-0.8201,0,18.13323
2025-06-18,18.1,18.27,17.98,18.16,18.14,1672060,30339146.74,2,0.2857,1,0.1103,0,18.14477
2025-06-19,18.19,18.32,17.96,18.1,18.16,1837536,33350757.66,2,0.314,1,-0.3304,0,18.14972
2025-06-20,17.94,18.3,17.91,17.93,18.1,1622485,29362453.72,2,0.2772,1,-0.9392,0,18.09721
2025-06-23,17.89,18.37,17.87,18.29,17.93,2099711,38228529.66,2,0.3588,1,2.0078,0,18.20657
2025-06-24,18.39,18.67,18.29,18.63,18.29,2250210,41688647.52,2,0.3845,1,1.8589,0,18.52656
2025-06-25,18.58,19.07,18.55,19.02,18.63,2918819,54946883.36,2,0.4987,1,2.0934,0,18.82504
2025-06-26,19.1,19.18,18.84,18.9,19.02,3279377,62382543.21,2,0.5603,1,-0.6309,0,19.02268
2025-06-27,19.04,19.28,19.0,19.09,18.9,3003235,57574042.39,2,0.5132,1,1.0053,0,19.17068
2025-06-30,19.16,19.74,19.12,19.66,19.09,4544573,89026557.16,2,0.7765,1,2.9859,0,19.58964
2025-07-01,19.68,19.88,19.49,19.69,19.66,2518346,49658036.85,2,0.4303,1,0.1526,0,19.71851
2025-07-02,19.58,19.73,19.3,19.41,19.69,2546815,49467243.61,2,0.4352,1,-1.422,0,19.42318
2025-07-03,19.39,19.52,19.23,19.26,19.41,2211895,42820803.04,2,0.3779,1,-0.7728,0,19.35933
2025-07-04,19.22,19.42,19.03,19.14,19.26,2360748,45324219.91,2,0.4034,1,-0.6231,0,19.19909
2025-07-07,19.0,19.23,18.91,19.11,19.14,2159592,41244759.07,2,0.369,1,-0.1567,0,19.0984
2025-07-08,19.12,19.9,19.08,19.85,19.11,3836405,75367892.69,2,0.6555,1,3.8723,0,19.64545
2025-07-09,19.85,19.95,19.64,19.69,19.85,1941055,38340413.01,2,0.3317,1,-0.806,0,19.75236
2025-07-10,19.39,19.4,18.65,18.7,19.69,5990384,113367383.26,2,1.0236,1,-5.0279,0,18.92489
2025-07-11,18.7,18.97,18.58,18.83,18.7,3216175,60402308.44,2,0.5495,1,0.6952,0,18.78079
2025-07-14,18.9,18.92,18.66,18.8,18.83,2402702,45189495.94,2,0.4105,1,-0.1593,0,18.80778
2025-07-15,18.8,18.93,18.55,18.75,18.8,2634615,49243745.56,2,0.4502,1,-0.266,0,18.69106
2025-07-16,18.76,18.99,18.67,18.72,18.75,2088259,39303812.57,2,0.3568,1,-0.16,0,18.82133
2025-07-17,18.72,18.79,18.6,18.75,18.72,2437069,45584656.33,2,0.4164,1,0.1603,0,18.7047
2025-07-18,18.72,18.89,18.65,18.84,18.75,2237060,41986768.81,2,0.3822,1,0.48,0,18.76873
2025-07-21,18.83,19.08,18.8,19.02,18.84,2392111,45449818.79,2,0.4087,1,0.9554,0,18.99988
2025-07-22,18.97,19.19,18.92,19.12,19.02,2537285,48494903.89,2,0.4335,1,0.5258,0,19.11291
2025-07-23,18.95,19.33,18.95,19.17,19.12,2899812,55600204.69,2,0.4955,1,0.2615,0,19.17373
2025-07-24,19.17,19.58,19.1,19.57,19.17,3634909,70517772.97,2,0.6211,1,2.0866,0,19.40015
2025-07-25,19.57,20.0,19.48,19.93,19.57,5265729,104308308.56,2,0.8997,1,1.8396,0,19.8089
2025-07-28,20.01,20.14,19.7,20.09,19.93,4093180,81907378.38,2,0.6994,1,0.8028,0,20.0107
2025-07-29,19.92,20.27,19.92,20.1,20.09,3577964,71939954.74,2,0.6114,1,0.0498,0,20.10639
2025-07-30,20.0,20.2,19.75,19.94,20.1,3626640,72576251.91,2,0.6197,1,-0.796,0,20.01198
2025-07-31,19.9,20.12,19.39,19.49,19.94,5866816,115650759.09,2,1.0024,1,-2.2568,0,19.7127
2025-08-01,19.48,19.72,19.32,19.41,19.49,2884288,56200856.46,2,0.4928,1,-0.4105,0,19.48518
2025-08-04,19.38,19.58,19.31,19.46,19.41,2829555,54978811.32,2,0.4835,1,0.2576,0,19.4302
2025-08-05,19.56,19.88,19.5,19.65,19.46,3539888,69704342.29,2,0.6048,1,0.9764,0,19.69112
2025-08-06,19.58,20.12,19.58,19.97,19.65,4795571,95555303.27,2,0.8194,1,1.6285,0,19.92574
2025-08-07,20.0,20.58,20.0,20.47,19.97,7220667,146774166.2,2,1.2338,1,2.5038,0,20.32695
2025-08-08,20.4,20.43,20.0,20.11,20.47,3714905,74822056.22,2,0.6348,1,-1.7587,0,20.14104
2025-08-11,19.98,20.37,19.92,20.15,20.11,3665962,73832806.53,2,0.6264,1,0.1989,0,20.14009
2025-08-12,20.15,20.23,19.8,20.04,20.15,4612039,92230616.63,2,0.788,1,-0.5459,0,19.9978
2025-08-13,20.01,20.4,19.9,20.15,20.04,6767499,136131482.9,2,1.1563,1,0.5489,0,20.11548
2025-08-14,20.14,20.25,19.3,19.36,20.15,8698729,171637166.13,2,1.4863,1,-3.9206,0,19.73129
2025-08-15,19.31,19.81,19.21,19.75,19.36,7343606,143466553.6,2,1.2548,1,2.0145,0,19.53625
2025-08-18,19.75,21.11,19.75,20.84,19.75,12431707,256831203.28,2,2.1242,1,5.519,0,20.65937
2025-08-19,20.84,21.05,20.6,20.62,20.84,6836440,141987353.72,2,1.1681,1,-1.0557,0,20.76919
2025-08-20,20.7,21.1,20.35,21.1,20.62,8134879,169182142.23,2,1.39,1,2.3278,0,20.79713
2025-08-21,21.19,21.35,20.7,20.84,21.1,7145718,149464985.01,2,1.221,1,-1.2322,0,20.91672
2025-08-22,20.9,22.07,20.81,21.8,20.84,11636942,250935551.52,2,1.9884,1,4.6065,0,21.5637
2025-08-25,22.1,22.29,21.46,21.9,21.8,11016896,240158038.2,2,1.8824,1,0.4587,0,21.79907
2025-08-26,21.78,22.54,21.56,22.01,21.9,7720496,171026542.3,2,1.3192,1,0.5023,0,22.15227
2025-08-27,22.02,22.95,21.53,21.53,22.01,9109497,202682056.49,2,1.5565,1,-2.1808,0,22.24953
2025-08-28,21.52,22.8,21.4,22.62,21.53,11481730,255066669.57,2,1.9618,1,5.0627,0,22.215
2025-08-29,23.59,24.92,23.59,24.61,22.62,21191602,515219382.0,2,3.6209,1,8.7975,0,24.31243
2025-09-01,24.88,25.93,23.99,24.3,24.61,18572403,457915275.38,2,3.1734,1,-1.2597,0,24.65568
2025-09-02,24.13,24.38,22.83,23.17,24.3,13303236,311996724.78,2,2.2731,1,-4.6502,0,23.45269
2025-09-03,22.81,23.1,22.13,22.28,23.17,9689328,218923821.7,2,1.6556,1,-3.8412,0,22.59432
2025-09-04,22.06,22.47,20.8,21.22,22.28,10091249,218012948.62,2,1.7243,1,-4.7576,0,21.60416
2025-09-05,21.23,22.19,21.12,22.1,21.22,6795123,147332178.2,2,1.1611,1,4.147,0,21.68205
2025-09-08,22.0,22.17,21.4,21.93,22.1,9424896,205693366.09,2,1.6104,1,-0.7692,0,21.82447
2025-09-09,21.9,22.03,21.41,21.44,21.93,5730626,124253085.45,2,0.9792,1,-2.2344,0,21.68229
2025-09-10,21.63,21.99,21.39,21.48,21.44,4531652,98049527.07,2,0.7743,1,0.1866,0,21.6366
2025-09-11,21.52,22.68,21.21,22.58,21.48,9349258,207900800.99,2,1.5975,1,5.121,0,22.23714
2025-09-12,22.68,23.17,22.38,22.76,22.58,8536504,194511834.6,2,1.4586,1,0.7972,0,22.78589
2025-09-15,23.15,23.35,22.58,22.67,22.76,7481820,170903978.03,2,1.2784,1,-0.3954,0,22.84257
2025-09-16,22.78,23.0,22.47,22.79,22.67,6646869,150899831.65,2,1.1357,1,0.5293,0,22.70239
2025-09-17,22.65,23.08,22.44,22.89,22.79,6881042,157086688.52,2,1.1757,1,0.4388,0,22.82891
2025-09-18,22.89,23.7,22.44,22.81,22.89,13177593,305731354.43,2,2.2516,1,-0.3495,0,23.20085
2025-09-19,22.81,23.15,22.2,22.63,22.81,7353169,167640930.83,2,1.2564,1,-0.7891,0,22.79846
2025-09-22,22.7,23.04,22.44,23.01,22.63,7224603,164901203.41,2,1.2344,1,1.6792,0,22.82495
2025-09-23,23.07,23.07,21.96,22.79,23.01,9748140,218162303.39,2,1.6656,1,-0.9561,0,22.37989
2025-09-24,22.64,24.39,22.44,23.79,22.79,17952171,422741546.7,2,3.0674,1,4.3879,0,23.54821
2025-09-25,23.87,24.3,23.66,24.0,23.79,13555475,325546938.97,2,2.3162,1,0.8827,0,24.0159
2025-09-26,23.81,25.67,23.58,25.1,24.0,24276870,588320081.15,2,4.1481,1,4.5833,0,24.23377
2025-09-29,24.8,28.05,23.84,26.07,25.1,49497341,1282355605.58,2,8.4574,1,3.8645,0,25.90757
2025-09-30,26.27,28.58,26.26,27.43,26.07,51675834,1421705023.93,2,8.8297,1,5.2167,0,27.51199
2025-10-09,27.71,32.92,26.7,32.5,27.43,75390183,2255189362.52,2,12.8817,1,18.4834,0,29.91357
2025-10-10,30.63,30.96,28.01,30.0,32.5,55999415,1636655191.87,2,9.5684,1,-7.6923,0,29.22629
2025-10-13,27.22,30.85,27.22,30.7,30.0,42665447,1248726683.54,2,7.2901,1,2.3333,0,29.26787
2025-10-14,30.1,30.85,27.0,27.06,30.7,43509657,1247466802.98,2,7.4343,1,-11.8567,0,28.67103
2025-10-15,26.85,27.67,25.75,26.82,27.06,23529810,625353031.61,2,4.0205,1,-0.8869,0,26.57705
2025-10-16,26.88,28.08,26.37,26.65,26.82,19990041,544283768.83,2,3.4156,1,-0.6339,0,27.22775
2025-10-17,26.49,26.73,24.97,25.04,26.65,18538951,475778491.71,2,3.1677,1,-6.0413,0,25.66372
2025-10-20,26.02,26.08,24.56,24.71,25.04,14387251,361672802.62,2,2.4583,1,-1.3179,0,25.13842
2025-10-21,24.96,25.96,24.84,25.88,24.71,14615106,372561308.41,2,2.4972,1,4.7349,0,25.49152
2025-10-22,25.45,25.64,24.98,25.2,25.88,10683319,270166809.09,2,1.8254,1,-2.6275,0,25.28866
2025-10-23,25.03,25.13,24.11,24.59,25.2,13241129,323258243.77,2,2.2625,1,-2.4206,0,24.41319
2025-10-24,24.8,27.4,24.75,26.69,24.59,21793127,568658413.92,2,3.7237,1,8.5401,0,26.09347
2025-10-27,27.31,27.31,26.11,26.83,26.69,15972276,426707860.26,2,2.7291,1,0.5245,0,26.71553
2025-10-28,26.68,26.84,26.06,26.48,26.83,10842197,287122709.82,2,1.8526,1,-1.3045,0,26.48197
2025-10-29,26.42,27.85,26.3,27.15,26.48,18173700,495892356.67,2,3.1053,1,2.5302,0,27.28626
2025-10-30,27.16,27.27,26.45,26.79,27.15,10185873,273872053.8,2,1.7404,1,-1.326,0,26.88744
2025-10-31,25.87,26.11,24.53,24.53,26.79,19919010,499360591.67,2,3.4035,1,-8.436,0,25.06955
2025-11-03,24.38,24.47,23.48,24.21,24.53,14669801,349820052.7,2,2.5066,1,-1.3045,0,23.84627
2025-11-04,24.15,24.45,23.61,23.77,24.21,7444779,178092210.8,2,1.2721,1,-1.8174,0,23.92176
2025-11-05,23.53,23.77,23.16,23.33,23.77,7108988,166321546.62,2,1.2147,1,-1.8511,0,23.39595
2025-11-06,23.55,24.88,23.47,24.3,23.33,11973508,288717710.68,2,2.0459,1,4.1577,0,24.11304
2025-11-07,24.21,26.0,24.0,25.11,24.3,16075568,405288626.87,2,2.7468,1,3.3333,0,25.21147
2025-11-10,25.46,25.96,24.63,25.63,25.11,13658992,345135809.9,2,2.3339,1,2.0709,0,25.26803
2025-11-11,25.64,26.59,24.66,24.81,25.63,11643027,294836054.12,2,1.9894,1,-3.1994,0,25.32297
2025-11-12,24.65,24.8,23.9,24.21,24.81,7326086,178171321.61,2,1.2518,1,-2.4184,0,24.32012
2025-11-13,24.2,26.26,24.11,25.5,24.21,16778248,426058054.93,2,2.8668,1,5.3284,0,25.39348
2025-11-14,25.18,25.95,24.73,25.35,25.5,11300840,288526115.79,2,1.9309,1,-0.5882,0,25.53139
2025-11-17,25.02,27.49,25.02,27.04,25.35,22569935,600483105.26,2,3.8564,1,6.6667,0,26.60544
2025-11-18,27.0,27.35,26.46,26.59,27.04,12669996,340868678.51,2,2.1649,1,-1.6642,0,26.90361
2025-11-19,26.44,26.8,25.65,25.78,26.59,7498067,195530620.68,2,1.2812,1,-3.0463,0,26.07747
2025-11-20,25.18,25.46,24.18,24.38,25.78,11398273,280127875.49,2,1.9476,1,-5.4306,0,24.57634
2025-11-21,24.0,24.16,22.67,22.75,24.38,11554699,267888048.0,2,1.9743,1,-6.6858,0,23.18434
2025-11-24,22.9,23.17,22.54,22.66,22.75,7229980,164489774.54,2,1.2354,1,-0.3956,0,22.75107
2025-11-25,22.72,23.66,22.72,23.01,22.66,8183479,190283994.91,2,1.3983,1,1.5446,0,23.25221
2025-11-26,22.92,25.18,22.8,24.22,23.01,15096761,368707708.5,2,2.5795,1,5.2586,0,24.42297
2025-11-27,24.18,25.55,24.1,24.83,24.22,12143788,305295900.29,2,2.075,1,2.5186,0,25.14009
2025-11-28,24.68,25.6,24.4,24.98,24.83,8538641,213438040.35,2,1.459,1,0.6041,0,24.99672
2025-12-01,24.7,25.29,24.4,25.01,24.98,8278652,204884443.38,2,1.4145,1,0.1201,0,24.74853
2025-12-02,24.96,25.01,23.97,24.05,25.01,5308502,128852450.79,2,0.907,1,-3.8385,0,24.27285
2025-12-03,24.08,24.3,23.51,23.75,24.05,5693608,135898042.42,2,0.9728,1,-1.2474,0,23.86853
2025-12-04,23.77,24.74,23.55,24.29,23.75,6859139,166082399.13,2,1.172,1,2.2737,0,24.2133
2025-12-05,24.25,24.67,23.7,24.32,24.29,4199894,101280719.56,2,0.7176,1,0.1235,0,24.11507
2025-12-08,24.3,25.25,24.08,24.97,24.32,8202982,203276032.29,2,1.4016,1,2.6727,0,24.78075
2025-12-09,24.9,25.25,24.39,24.64,24.97,5526707,136859274.65,2,0.9443,1,-1.3216,0,24.76326
2025-12-10,24.52,25.16,24.21,24.88,24.64,6281403,155601087.14,2,1.0733,1,0.974,0,24.77171
2025-12-11,24.89,25.17,24.48,24.65,24.88,6203164,153775249.39,2,1.0599,1,-0.9244,0,24.78981
2025-12-12,24.7,29.44,24.7,28.8,24.65,35592307,986067465.73,2,6.0815,1,16.8357,0,27.70451
2025-12-15,27.89,28.28,26.93,27.0,28.8,23311469,642014382.95,2,3.9832,1,-6.25,0,27.54071
2025-12-16,27.1,28.13,26.64,26.87,27.0,14289330,389390508.43,2,1.8354,1,-0.4815,0,27.25044
2025-12-17,26.8,27.63,26.8,27.09,26.87,21535027,585162391.37,2,2.7661,1,0.8188,0,27.17259
2025-12-18,27.0,28.6,27.0,27.63,27.09,19016237,529094486.81,2,2.4426,1,1.9934,0,27.8233
2025-12-19,28.5,28.51,26.88,27.65,27.63,19583171,539871092.28,2,2.5154,1,0.0724,0,27.56811
2025-12-22,27.36,28.71,26.78,27.7,27.65,22980951,640375197.54,2,2.9518,1,0.1808,0,27.86548
2025-12-23,27.29,28.47,26.93,28.0,27.7,15655508,433794242.9,2,2.0109,1,1.083,0,27.70873
2025-12-24,28.0,28.6,27.6,28.14,28.0,15939941,449403787.83,2,2.0474,1,0.5,0,28.19357
2025-12-25,27.93,29.8,27.36,29.38,28.14,21110671,600279762.02,2,2.7116,1,4.4065,0,28.4349
2025-12-26,28.96,29.98,27.94,27.99,29.38,21623683,626466593.7,2,2.7775,1,-4.7311,0,28.97132
2025-12-29,27.88,28.53,27.5,27.77,27.99,14962584,418272079.14,2,1.9219,1,-0.786,0,27.95454
2025-12-30,27.7,28.12,26.69,27.22,27.77,20608015,561166746.11,2,2.647,1,-1.9806,0,27.23051
2025-12-31,28.58,30.77,27.8,28.94,27.22,32563940,944692425.97,2,4.1827,1,6.3189,0,29.01038
2026-01-05,29.85,33.61,28.91,32.46,28.94,40396579,1260189618.83,2,5.1888,1,12.1631,0,31.19545
2026-01-06,32.29,37.68,31.91,36.37,32.46,41991534,1476703897.98,2,5.3937,1,12.0456,0,35.16671
2026-01-07,36.1,37.11,34.5,35.55,36.37,29638777,1057798314.75,2,3.807,1,-2.2546,0,35.68967
2026-01-08,35.01,37.94,34.91,36.11,35.55,25097567,913242114.92,2,3.2237,1,1.5752,0,36.38768
2026-01-09,35.79,36.1,34.69,35.14,36.11,17427948,613764551.16,2,2.2386,1,-2.6862,0,35.21726
2026-01-12,34.81,35.1,33.57,34.4,35.14,19486576,667567849.77,2,2.503,1,-2.1059,0,34.25783
2026-01-13,34.12,34.5,32.74,33.2,34.4,14552485,486471660.27,2,1.8692,1,-3.4884,0,33.42877
2026-01-14,33.3,33.79,32.11,32.54,33.2,18773720,615683864.45,2,2.4114,1,-1.988,0,32.79498
2026-01-15,32.28,33.54,32.11,33.22,32.54,16663659,545701780.42,2,2.1404,1,2.0897,0,32.74802
2026-01-16,33.88,36.96,33.7,36.5,33.22,26726376,946209385.26,2,3.4329,1,9.8736,0,35.40358
2026-01-19,35.79,37.65,35.3,36.9,36.5,19424512,708383651.75,2,2.495,1,1.0959,0,36.46854
2026-01-20,35.46,38.57,35.46,38.1,36.9,20855987,773966904.25,2,2.6789,1,3.252,0,37.11006
2026-01-21,35.6,38.86,34.8,36.53,38.1,20848723,772871329.78,2,2.678,1,-4.1207,0,37.07044
2026-01-22,37.2,37.24,35.01,35.21,36.53,15672619,562386039.8,2,2.0131,1,-3.6135,0,35.88335
2026-01-23,35.35,36.95,34.29,36.24,35.21,20259980,719376956.0,2,2.6023,1,2.9253,0,35.50729
